frequency_GHz,A_meas_dB,u_meas_dB,A_sim_dB,u_sim_dB,mismatch_allowance_dB,class
2.386634844868735,0.3945205479452054,0.2301369863013698,0.1878452096829182,0.0857142857142852,0.3756537998036255,undecided
2.6252983293556085,0.4273972602739726,0.2630136986301369,0.2118308898738489,0.1071428571428568,0.3756537998036255,undecided
2.863961813842482,0.4931506849315068,0.2630136986301369,0.2369928400954649,0.1071428571428568,0.3756537998036255,undecided
3.1026252983293556,0.5589041095890411,0.2630136986301369,0.24424224343675377,0.1071428571428568,0.3756537998036255,undecided
3.341288782816229,0.5917808219178082,0.2301369863013698,0.26668087282645736,0.096428571428571,0.3756537998036255,undecided
3.579952267303103,0.5917808219178082,0.2301369863013698,0.2924821002386634,0.096428571428571,0.3756537998036255,undecided
3.818615751789976,0.6246575342465753,0.2630136986301369,0.3069809069212406,0.096428571428571,0.3756537998036255,undecided
4.05727923627685,0.6904109589041096,0.2630136986301369,0.3214797136038182,0.096428571428571,0.3756537998036255,undecided
4.2959427207637235,0.6904109589041096,0.2630136986301369,0.3359785202863959,0.096428571428571,0.3756537998036255,undecided
4.534606205250597,0.7232876712328767,0.2301369863013698,0.35047732696897355,0.096428571428571,0.3756537998036255,undecided
4.77326968973747,0.7232876712328767,0.2301369863013698,0.37067848619161226,0.096428571428571,0.3756537998036255,undecided
5.011933174224343,0.7890410958904109,0.2301369863013698,0.39242669621547854,0.096428571428571,0.3756537998036255,undecided
5.250596658711217,0.7890410958904109,0.2301369863013698,0.4141749062393451,0.096428571428571,0.3756537998036255,undecided
5.4892601431980905,0.821917808219178,0.2630136986301369,0.42990112512785533,0.096428571428571,0.3756537998036255,undecided
5.727923627684964,0.821917808219178,0.2630136986301369,0.4469570405727923,0.096428571428571,0.3756537998036255,undecided
5.966587112171838,0.8547945205479452,0.2301369863013698,0.4687052505966583,0.096428571428571,0.3756537998036255,undecided
6.205250596658711,0.8547945205479452,0.2301369863013698,0.48411183088987353,0.0857142857142852,0.3756537998036255,undecided
6.443914081145585,0.8547945205479452,0.2301369863013698,0.49861063757245117,0.0857142857142852,0.3756537998036255,undecided
6.682577565632458,0.8876712328767123,0.1972602739726027,0.5131094442550289,0.0857142857142852,0.3756537998036255,undecided
6.921241050119332,0.8876712328767123,0.1972602739726027,0.5276082509376062,0.0857142857142852,0.3756537998036255,undecided
7.159904534606206,0.8547945205479452,0.2301369863013698,0.5421070576201836,0.0857142857142852,0.3756537998036255,undecided
7.398568019093079,0.8547945205479452,0.2301369863013698,0.5566058643027614,0.0857142857142852,0.3756537998036255,undecided
7.637231503579952,0.8547945205479452,0.2301369863013698,0.5780855779065801,0.096428571428571,0.3756537998036255,undecided
7.875894988066825,0.821917808219178,0.2630136986301369,0.5928017388339584,0.096428571428571,0.3756537998036255,undecided
8.1145584725537,0.7890410958904109,0.2301369863013698,0.6001022843504944,0.0857142857142852,0.3756537998036255,undecided
8.353221957040573,0.7890410958904109,0.2301369863013698,0.6146010910330717,0.0857142857142852,0.3756537998036255,undecided
8.591885441527447,0.7232876712328767,0.2301369863013698,0.6290998977156492,0.0857142857142852,0.3756537998036255,undecided
8.83054892601432,0.7232876712328767,0.2301369863013698,0.6432279236276847,0.0857142857142852,0.3756537998036255,undecided
9.069212410501194,0.6904109589041096,0.2630136986301369,0.6504773269689735,0.0857142857142852,0.3756537998036255,undecided
9.307875894988069,0.7232876712328767,0.2301369863013698,0.6618820320490965,0.07500000000000001,0.3756537998036255,undecided
9.54653937947494,0.6904109589041096,0.2630136986301369,0.676380838731674,0.07500000000000001,0.3756537998036255,undecided
9.785202863961814,0.6575342465753424,0.2301369863013698,0.6908796454142513,0.07500000000000001,0.3756537998036255,undecided
10.023866348448689,0.6575342465753424,0.2301369863013698,0.7009035117626999,0.0857142857142852,0.3756537998036255,undecided
10.26252983293556,0.6575342465753424,0.2301369863013698,0.7081529151039887,0.0857142857142852,0.3756537998036255,undecided
10.501193317422434,0.6575342465753424,0.2301369863013698,0.7154023184452776,0.0857142857142852,0.3756537998036255,undecided
10.739856801909308,0.6904109589041096,0.2630136986301369,0.7226517217865664,0.0857142857142852,0.3756537998036255,undecided
10.97852028639618,0.6904109589041096,0.2630136986301369,0.7299011251278553,0.0857142857142852,0.3756537998036255,undecided
11.217183770883056,0.7232876712328767,0.2301369863013698,0.7371505284691442,0.0857142857142852,0.3756537998036255,undecided
11.455847255369928,0.7232876712328767,0.2301369863013698,0.7495141493351515,0.07500000000000001,0.3756537998036255,undecided
11.694510739856804,0.7232876712328767,0.2301369863013698,0.7623636208660071,0.0857142857142852,0.3756537998036255,undecided
11.933174224343675,0.7232876712328767,0.2301369863013698,0.7696130242072958,0.0857142857142852,0.3756537998036255,undecided
12.410501193317424,0.821917808219178,0.2630136986301369,0.7860808046368903,0.07500000000000001,0.3756537998036255,undecided
12.649164677804295,0.8547945205479452,0.2301369863013698,0.8005796113194679,0.07500000000000001,0.3756537998036255,undecided
12.88782816229117,0.8876712328767123,0.2630136986301369,0.809324923286737,0.0857142857142852,0.3756537998036255,undecided
13.126491646778042,0.9205479452054794,0.2301369863013698,0.8165743266280259,0.0857142857142852,0.3756537998036255,undecided
13.365155131264917,0.9534246575342464,0.2630136986301369,0.8238237299693147,0.0857142857142852,0.3756537998036255,undecided
13.60381861575179,0.9863013698630136,0.2301369863013698,0.8371462666212068,0.07500000000000001,0.3756537998036255,undecided
13.842482100238664,1.0520547945205478,0.2301369863013698,0.8490368223661775,0.0857142857142852,0.3756537998036255,undecided
14.081145584725537,1.084931506849315,0.2630136986301369,0.8562862257074664,0.0857142857142852,0.3756537998036255,undecided
14.319809069212411,1.084931506849315,0.2630136986301369,0.8635356290487552,0.0857142857142852,0.3756537998036255,undecided
14.558472553699284,1.084931506849315,0.2630136986301369,0.8737129219229456,0.07500000000000001,0.3756537998036255,undecided
14.797136038186158,1.1178082191780825,0.2301369863013698,0.8882117286055231,0.07500000000000001,0.3756537998036255,undecided
15.035799522673033,1.1835616438356165,0.2301369863013698,0.8959981247869075,0.0857142857142852,0.3756537998036255,undecided
15.274463007159904,1.2164383561643837,0.2630136986301369,0.9064950562563926,0.0857142857142852,0.3756537998036255,undecided
15.513126491646778,1.2164383561643837,0.2630136986301369,0.92099386293897,0.0857142857142852,0.3756537998036255,undecided
15.75178997613365,1.2164383561643837,0.2630136986301369,0.9284606205250594,0.0857142857142852,0.3756537998036255,undecided
15.990453460620524,1.2493150684931509,0.2301369863013698,0.9392771905898395,0.07500000000000001,0.3756537998036255,undecided
16.2291169451074,1.2493150684931509,0.2301369863013698,0.9536737129219228,0.0857142857142852,0.3756537998036255,undecided
16.46778042959427,1.2493150684931509,0.2301369863013698,0.9609231162632115,0.0857142857142852,0.3756537998036255,undecided
16.706443914081145,1.2164383561643837,0.2630136986301369,0.9720593249232865,0.0857142857142852,0.3756537998036255,undecided
16.94510739856802,1.2164383561643837,0.2630136986301369,0.9861362086600746,0.0857142857142852,0.3756537998036255,undecided
17.183770883054894,1.2164383561643837,0.2630136986301369,0.9933856120013635,0.0857142857142852,0.3756537998036255,undecided
17.422434367541765,1.2164383561643837,0.2630136986301369,1.0048414592567334,0.07500000000000001,0.3756537998036255,undecided
17.66109785202864,1.1835616438356165,0.2301369863013698,1.019340265939311,0.07500000000000001,0.3756537998036255,undecided
17.899761336515514,1.1835616438356165,0.2301369863013698,1.0338390726218887,0.07500000000000001,0.3756537998036255,undecided
18.13842482100239,1.1178082191780825,0.2301369863013698,1.0438117967950904,0.0857142857142852,0.3756537998036255,undecided
18.37708830548926,1.1178082191780825,0.2301369863013698,1.051061200136379,0.0857142857142852,0.3756537998036255,undecided
18.615751789976137,1.1178082191780825,0.2301369863013698,1.0583106034776681,0.0857142857142852,0.3756537998036255,undecided
18.85441527446301,1.1178082191780825,0.2301369863013698,1.0704057279236276,0.07500000000000001,0.3756537998036255,undecided
19.09307875894988,1.0520547945205478,0.2301369863013698,1.0821428571428569,0.07500000000000001,0.3756537998036255,undecided
19.331742243436754,1.0520547945205478,0.2301369863013698,1.0821428571428569,0.07500000000000001,0.3756537998036255,undecided
19.570405727923628,1.0520547945205478,0.2301369863013698,1.092473576542789,0.07500000000000001,0.3756537998036255,undecided
19.809069212410503,1.0520547945205478,0.2301369863013698,1.1069723832253666,0.07500000000000001,0.3756537998036255,undecided
20.047732696897373,1.0520547945205478,0.2301369863013698,1.1214711899079441,0.07500000000000001,0.3756537998036255,undecided
20.286396181384248,1.084931506849315,0.2630136986301369,1.125,0.07500000000000001,0.3756537998036255,undecided
20.52505966587112,1.084931506849315,0.2630136986301369,1.1270201159222637,0.07500000000000001,0.3756537998036255,undecided
20.763723150357997,1.084931506849315,0.2630136986301369,1.1342695192635524,0.07500000000000001,0.3756537998036255,undecided
21.002386634844868,1.1178082191780825,0.2301369863013698,1.141518922604841,0.07500000000000001,0.3756537998036255,undecided
21.241050119331742,1.1178082191780825,0.2301369863013698,1.1511080804636886,0.07500000000000001,0.3756537998036255,undecided
21.479713603818617,1.1178082191780825,0.2301369863013698,1.1656068871462664,0.07500000000000001,0.3756537998036255,undecided
21.718377088305488,1.1178082191780825,0.2301369863013698,1.1678571428571425,0.07500000000000001,0.3756537998036255,undecided
21.95704057279236,1.1178082191780825,0.2301369863013698,1.1678571428571425,0.07500000000000001,0.3756537998036255,undecided
22.195704057279237,1.1178082191780825,0.2301369863013698,1.1678571428571425,0.07500000000000001,0.3756537998036255,undecided
22.43436754176611,1.1178082191780825,0.2301369863013698,1.180744971019434,0.07500000000000001,0.3756537998036255,undecided
22.673031026252985,1.1835616438356165,0.2301369863013698,1.1922647459938631,0.0857142857142852,0.3756537998036255,undecided
22.911694510739856,1.1835616438356165,0.2301369863013698,1.1995141493351518,0.0857142857142852,0.3756537998036255,undecided
23.15035799522673,1.2164383561643837,0.2630136986301369,1.2067635526764406,0.0857142857142852,0.3756537998036255,undecided
23.389021479713605,1.2493150684931509,0.2301369863013698,1.2107142857142859,0.07500000000000001,0.3756537998036255,undecided
23.627684964200476,1.2493150684931509,0.2301369863013698,1.2107142857142859,0.07500000000000001,0.3756537998036255,undecided
23.86634844868735,1.2493150684931509,0.2301369863013698,1.217797476986021,0.0857142857142852,0.3756537998036255,undecided
24.105011933174225,1.3150684931506849,0.2301369863013698,1.2250468803273096,0.0857142857142852,0.3756537998036255,undecided
24.343675417661096,1.3150684931506849,0.2301369863013698,1.2322962836685982,0.0857142857142852,0.3756537998036255,undecided
24.58233890214797,1.347945205479452,0.2630136986301369,1.239545687009887,0.0857142857142852,0.3756537998036255,undecided
24.821002386634845,1.3808219178082193,0.2301369863013698,1.246795090351176,0.0857142857142852,0.3756537998036255,undecided
25.05966587112172,1.3808219178082193,0.2301369863013698,1.254044493692465,0.0857142857142852,0.3756537998036255,undecided
25.29832935560859,1.3808219178082193,0.2301369863013698,1.2612938970337537,0.0857142857142852,0.3756537998036255,undecided
25.536992840095465,1.4136986301369865,0.1972602739726027,1.2728008864643705,0.0857142857142852,0.3756537998036255,undecided
25.77565632458234,1.4465753424657537,0.2301369863013698,1.2865069894306167,0.0857142857142852,0.3756537998036255,undecided
26.014319809069217,1.4465753424657537,0.2301369863013698,1.2937563927719056,0.0857142857142852,0.3756537998036255,undecided
26.252983293556085,1.4465753424657537,0.2301369863013698,1.3010057961131942,0.0857142857142852,0.3756537998036255,undecided
26.49164677804296,1.4465753424657537,0.2301369863013698,1.308255199454483,0.0857142857142852,0.3756537998036255,undecided
26.730310262529834,1.4465753424657537,0.2301369863013698,1.315504602795772,0.0857142857142852,0.3756537998036255,undecided
26.968973747016708,1.4465753424657537,0.2301369863013698,1.327650869416979,0.07500000000000001,0.3756537998036255,undecided
27.20763723150358,1.4465753424657537,0.2301369863013698,1.3407176951926354,0.0857142857142852,0.3756537998036255,undecided
27.446300715990457,1.4465753424657537,0.2301369863013698,1.3479670985339245,0.0857142857142852,0.3756537998036255,undecided
27.684964200477328,1.4465753424657537,0.2301369863013698,1.355216501875213,0.0857142857142852,0.3756537998036255,undecided
27.9236276849642,1.4465753424657537,0.2301369863013698,1.3624659052165013,0.0857142857142852,0.3756537998036255,undecided
28.162291169451073,1.4465753424657537,0.2301369863013698,1.3697153085577902,0.0857142857142852,0.3756537998036255,undecided
28.400954653937948,1.4136986301369865,0.1972602739726027,1.3825008523695872,0.0857142857142852,0.3756537998036255,undecided
28.639618138424822,1.3808219178082193,0.2301369863013698,1.3949284009546536,0.0857142857142852,0.3756537998036255,undecided
28.878281622911693,1.3808219178082193,0.2301369863013698,1.4021778042959423,0.0857142857142852,0.3756537998036255,undecided
29.116945107398568,1.3808219178082193,0.2301369863013698,1.4094272076372314,0.0857142857142852,0.3756537998036255,undecided
29.35560859188544,1.3808219178082193,0.2301369863013698,1.41667661097852,0.0857142857142852,0.3756537998036255,undecided
29.594272076372317,1.3808219178082193,0.2301369863013698,1.4239260143198091,0.0857142857142852,0.3756537998036255,undecided
29.832935560859188,1.3808219178082193,0.2301369863013698,1.4311754176610978,0.0857142857142852,0.3756537998036255,undecided
30.071599045346066,1.347945205479452,0.2630136986301369,1.4384248210023867,0.0857142857142852,0.3756537998036255,undecided
30.310262529832936,1.347945205479452,0.2630136986301369,1.445674224343675,0.0857142857142852,0.3756537998036255,undecided
30.548926014319807,1.3808219178082193,0.2301369863013698,1.4529236276849637,0.0857142857142852,0.3756537998036255,undecided
30.78758949880668,1.3808219178082193,0.2301369863013698,1.4601730310262524,0.0857142857142852,0.3756537998036255,undecided
31.026252983293556,1.3808219178082193,0.2301369863013698,1.4674224343675415,0.0857142857142852,0.3756537998036255,undecided
31.26491646778043,1.347945205479452,0.2630136986301369,1.4746718377088304,0.0857142857142852,0.3756537998036255,undecided
31.5035799522673,1.347945205479452,0.2630136986301369,1.4819212410501192,0.0857142857142852,0.3756537998036255,undecided
31.742243436754176,1.347945205479452,0.2630136986301369,1.489170644391408,0.0857142857142852,0.3756537998036255,undecided
31.98090692124105,1.3808219178082193,0.2301369863013698,1.4964200477326968,0.0857142857142852,0.3756537998036255,undecided
32.21957040572792,1.3808219178082193,0.2301369863013698,1.5036694510739856,0.0857142857142852,0.3756537998036255,undecided
32.4582338902148,1.3808219178082193,0.2301369863013698,1.5107142857142857,0.07500000000000001,0.3756537998036255,undecided
32.69689737470167,1.4465753424657537,0.2301369863013698,1.5107142857142857,0.07500000000000001,0.3756537998036255,undecided
32.93556085918854,1.4465753424657537,0.2301369863013698,1.514703375383566,0.0857142857142852,0.3756537998036255,undecided
33.17422434367542,1.4794520547945205,0.2630136986301369,1.5219527787248548,0.0857142857142852,0.3756537998036255,undecided
33.41288782816229,1.5123287671232877,0.2301369863013698,1.5292021820661437,0.0857142857142852,0.3756537998036255,undecided
33.65155131264916,1.5123287671232877,0.2301369863013698,1.5321428571428566,0.07500000000000001,0.3756537998036255,undecided
33.89021479713604,1.5123287671232877,0.2301369863013698,1.533830548926014,0.07500000000000001,0.3756537998036255,undecided
34.12887828162291,1.5452054794520549,0.1972602739726027,1.5483293556085918,0.07500000000000001,0.3756537998036255,undecided
34.36754176610979,1.578082191780822,0.2301369863013698,1.5535714285714284,0.07500000000000001,0.3756537998036255,undecided
34.60620525059666,1.578082191780822,0.2301369863013698,1.5535714285714284,0.07500000000000001,0.3756537998036255,undecided
34.84486873508353,1.578082191780822,0.2301369863013698,1.5535714285714284,0.07500000000000001,0.3756537998036255,undecided
35.08353221957041,1.578082191780822,0.2301369863013698,1.5634674394817594,0.07500000000000001,0.3756537998036255,undecided
35.32219570405728,1.578082191780822,0.2301369863013698,1.5750000000000002,0.07500000000000001,0.3756537998036255,undecided
35.56085918854415,1.578082191780822,0.2301369863013698,1.5750000000000002,0.07500000000000001,0.3756537998036255,undecided
35.79952267303103,1.610958904109589,0.2630136986301369,1.5855352881009201,0.07500000000000001,0.3756537998036255,undecided
36.0381861575179,1.610958904109589,0.2630136986301369,1.596428571428571,0.07500000000000001,0.3756537998036255,undecided
36.27684964200478,1.610958904109589,0.2630136986301369,1.596428571428571,0.07500000000000001,0.3756537998036255,undecided
36.51551312649165,1.643835616438356,0.2301369863013698,1.6020158540743261,0.0857142857142852,0.3756537998036255,undecided
36.75417661097852,1.643835616438356,0.2301369863013698,1.6092652574156148,0.0857142857142852,0.3756537998036255,undecided
36.9928400954654,1.643835616438356,0.2301369863013698,1.6165146607569039,0.0857142857142852,0.3756537998036255,undecided
37.23150357995227,1.643835616438356,0.2301369863013698,1.6237640640981927,0.0857142857142852,0.3756537998036255,undecided
37.47016706443914,1.643835616438356,0.2301369863013698,1.6310134674394816,0.0857142857142852,0.3756537998036255,undecided
37.70883054892602,1.643835616438356,0.2301369863013698,1.6382628707807707,0.0857142857142852,0.3756537998036255,undecided
37.94749403341289,1.643835616438356,0.2301369863013698,1.6455122741220594,0.0857142857142852,0.3756537998036255,undecided
38.18615751789976,1.643835616438356,0.2301369863013698,1.652761677463348,0.0857142857142852,0.3756537998036255,undecided
38.42482100238664,1.643835616438356,0.2301369863013698,1.660011080804637,0.0857142857142852,0.3756537998036255,undecided
38.66348448687351,1.643835616438356,0.2301369863013698,1.6672604841459258,0.0857142857142852,0.3756537998036255,undecided
38.902147971360385,1.643835616438356,0.2301369863013698,1.6745098874872144,0.0857142857142852,0.3756537998036255,undecided
39.140811455847256,1.643835616438356,0.2301369863013698,1.681759290828503,0.0857142857142852,0.3756537998036255,undecided
39.37947494033413,1.643835616438356,0.2301369863013698,1.6958745311967267,0.07500000000000001,0.3756537998036255,undecided
39.618138424821005,1.643835616438356,0.2301369863013698,1.7035714285714285,0.07500000000000001,0.3756537998036255,undecided
39.85680190930787,1.7095890410958905,0.2301369863013698,1.7035714285714285,0.07500000000000001,0.3756537998036255,undecided
40.09546539379475,1.7424657534246577,0.2630136986301369,1.717942379815888,0.07500000000000001,0.3756537998036255,undecided
40.334128878281625,1.7424657534246577,0.2630136986301369,1.7249999999999999,0.07500000000000001,0.3756537998036255,undecided
40.572792362768496,1.7424657534246577,0.2630136986301369,1.7252557108762359,0.0857142857142852,0.3756537998036255,undecided
40.81145584725537,1.7424657534246577,0.2630136986301369,1.7325051142175245,0.0857142857142852,0.3756537998036255,undecided
41.050119331742245,1.7424657534246577,0.2630136986301369,1.7397545175588136,0.0857142857142852,0.3756537998036255,undecided
41.28878281622912,1.7095890410958905,0.2301369863013698,1.7464285714285714,0.07500000000000001,0.3756537998036255,undecided
41.527446300715994,1.643835616438356,0.2301369863013698,1.7464285714285714,0.07500000000000001,0.3756537998036255,undecided
41.766109785202865,1.643835616438356,0.2301369863013698,1.7551483123082168,0.07500000000000001,0.3756537998036255,undecided
42.004773269689736,1.643835616438356,0.2301369863013698,1.7678571428571426,0.07500000000000001,0.3756537998036255,undecided
42.243436754176614,1.643835616438356,0.2301369863013698,1.7678571428571426,0.07500000000000001,0.3756537998036255,undecided
42.482100238663485,1.643835616438356,0.2301369863013698,1.7725366518922603,0.0857142857142852,0.3756537998036255,undecided
42.720763723150355,1.643835616438356,0.2301369863013698,1.779786055233549,0.0857142857142852,0.3756537998036255,undecided
42.95942720763723,1.643835616438356,0.2301369863013698,1.787035458574838,0.0857142857142852,0.3756537998036255,undecided
43.198090692124104,1.643835616438356,0.2301369863013698,1.7892857142857141,0.07500000000000001,0.3756537998036255,undecided
43.436754176610975,1.643835616438356,0.2301369863013698,1.7923542448005452,0.07500000000000001,0.3756537998036255,undecided
43.67541766109785,1.643835616438356,0.2301369863013698,1.8068530514831227,0.07500000000000001,0.3756537998036255,undecided
43.91408114558472,1.6767123287671233,0.1972602739726027,1.8107142857142853,0.07500000000000001,0.3756537998036255,undecided
44.1527446300716,1.7095890410958905,0.2301369863013698,1.8107142857142853,0.07500000000000001,0.3756537998036255,undecided
44.39140811455847,1.7095890410958905,0.2301369863013698,1.8107142857142853,0.07500000000000001,0.3756537998036255,undecided
44.630071599045344,1.7095890410958905,0.2301369863013698,1.8219911353562903,0.07500000000000001,0.3756537998036255,undecided
44.86873508353222,1.7424657534246577,0.2630136986301369,1.8321428571428573,0.07500000000000001,0.3756537998036255,undecided
45.10739856801909,1.7424657534246577,0.2630136986301369,1.8321428571428573,0.07500000000000001,0.3756537998036255,undecided
45.34606205250597,1.7753424657534247,0.2301369863013698,1.8321428571428573,0.07500000000000001,0.3756537998036255,undecided
45.58472553699284,1.7753424657534247,0.2301369863013698,1.8371292192294582,0.07500000000000001,0.3756537998036255,undecided
45.82338902147971,1.7753424657534247,0.2301369863013698,1.8516280259120355,0.07500000000000001,0.3756537998036255,undecided
46.062052505966584,1.8082191780821917,0.1972602739726027,1.8535714285714282,0.07500000000000001,0.3756537998036255,undecided
46.30071599045346,1.841095890410959,0.2301369863013698,1.8535714285714282,0.07500000000000001,0.3756537998036255,undecided
46.53937947494033,1.841095890410959,0.2301369863013698,1.8535714285714282,0.07500000000000001,0.3756537998036255,undecided
46.77804295942721,1.841095890410959,0.2301369863013698,1.866766109785203,0.07500000000000001,0.3756537998036255,undecided
47.01670644391408,1.873972602739726,0.2630136986301369,1.875,0.07500000000000001,0.3756537998036255,undecided
47.25536992840095,1.873972602739726,0.2630136986301369,1.875,0.07500000000000001,0.3756537998036255,undecided
47.49403341288783,1.906849315068493,0.2301369863013698,1.875,0.07500000000000001,0.3756537998036255,undecided
47.7326968973747,1.906849315068493,0.2301369863013698,1.8819041936583703,0.07500000000000001,0.3756537998036255,undecided
47.97136038186157,1.9726027397260273,0.2301369863013698,1.8964030003409473,0.07500000000000001,0.3756537998036255,undecided
48.21002386634845,1.9726027397260273,0.2301369863013698,1.896428571428571,0.07500000000000001,0.3756537998036255,undecided
48.44868735083532,1.9726027397260273,0.2301369863013698,1.9002003068530513,0.0857142857142852,0.3756537998036255,undecided
48.68735083532219,2.0054794520547947,0.2630136986301369,1.9074497101943395,0.0857142857142852,0.3756537998036255,undecided
48.92601431980907,2.0054794520547947,0.2630136986301369,1.9146991135356286,0.0857142857142852,0.3756537998036255,undecided
49.16467780429594,2.0054794520547947,0.2630136986301369,1.9219485168769175,0.0857142857142852,0.3756537998036255,undecided
49.40334128878282,2.0054794520547947,0.2630136986301369,1.9291979202182066,0.0857142857142852,0.3756537998036255,undecided
49.64200477326969,2.0054794520547947,0.2630136986301369,1.9364473235594954,0.0857142857142852,0.3756537998036255,undecided
49.88066825775656,2.0383561643835617,0.2301369863013698,1.939285714285714,0.07500000000000001,0.3756537998036255,undecided
50.11933174224344,2.0712328767123287,0.2630136986301369,1.940231844527787,0.0857142857142852,0.3756537998036255,undecided
50.35799522673031,2.1041095890410957,0.2301369863013698,1.947481247869076,0.0857142857142852,0.3756537998036255,undecided
50.59665871121718,2.1041095890410957,0.2301369863013698,1.9547306512103648,0.0857142857142852,0.3756537998036255,undecided
50.83532219570406,2.1041095890410957,0.2301369863013698,1.961980054551654,0.0857142857142852,0.3756537998036255,undecided
51.07398568019093,2.1041095890410957,0.2301369863013698,1.9692294578929421,0.0857142857142852,0.3756537998036255,undecided
51.31264916467781,2.0383561643835617,0.2301369863013698,1.976478861234231,0.0857142857142852,0.3756537998036255,undecided
51.55131264916468,2.0383561643835617,0.2301369863013698,1.9821428571428568,0.07500000000000001,0.3756537998036255,undecided
51.78997613365155,2.0054794520547947,0.2630136986301369,1.9821428571428568,0.07500000000000001,0.3756537998036255,undecided
52.02863961813843,1.9726027397260273,0.2301369863013698,1.9928827139447662,0.07500000000000001,0.3756537998036255,undecided
52.2673031026253,1.9726027397260273,0.2301369863013698,2.0035714285714286,0.07500000000000001,0.3756537998036255,undecided
52.50596658711217,1.9397260273972603,0.1972602739726027,2.0035714285714286,0.07500000000000001,0.3756537998036255,undecided
52.74463007159905,1.9397260273972603,0.1972602739726027,2.009260995567678,0.0857142857142852,0.3756537998036255,undecided
52.98329355608592,1.9397260273972603,0.1972602739726027,2.0165103989089666,0.0857142857142852,0.3756537998036255,undecided
53.22195704057279,1.9397260273972603,0.1972602739726027,2.0237598022502556,0.0857142857142852,0.3756537998036255,undecided
53.46062052505967,1.9397260273972603,0.1972602739726027,2.0310092055915447,0.0857142857142852,0.3756537998036255,undecided
53.69928400954654,1.9397260273972603,0.1972602739726027,2.0382586089328334,0.0857142857142852,0.3756537998036255,undecided
53.937947494033416,1.9397260273972603,0.1972602739726027,2.0455080122741225,0.0857142857142852,0.3756537998036255,undecided
54.17661097852029,1.9726027397260273,0.2301369863013698,2.0464285714285717,0.07500000000000001,0.3756537998036255,undecided
54.41527446300716,1.9726027397260273,0.2301369863013698,2.0464285714285717,0.07500000000000001,0.3756537998036255,undecided
54.65393794749403,1.9726027397260273,0.2301369863013698,2.0464285714285717,0.07500000000000001,0.3756537998036255,undecided
54.89260143198091,2.0054794520547947,0.2630136986301369,2.05972553699284,0.07500000000000001,0.3756537998036255,undecided
55.13126491646778,2.0054794520547947,0.2630136986301369,2.0678571428571426,0.07500000000000001,0.3756537998036255,undecided
55.369928400954656,2.0054794520547947,0.2630136986301369,2.0678571428571426,0.07500000000000001,0.3756537998036255,undecided
55.60859188544153,2.0383561643835617,0.2301369863013698,2.074825264234572,0.0857142857142852,0.3756537998036255,undecided
55.8472553699284,2.0383561643835617,0.2301369863013698,2.082074667575861,0.0857142857142852,0.3756537998036255,undecided
56.08591885441528,2.0383561643835617,0.2301369863013698,2.0892857142857144,0.07500000000000001,0.3756537998036255,undecided
56.32458233890215,2.0383561643835617,0.2301369863013698,2.0892857142857144,0.07500000000000001,0.3756537998036255,undecided
56.563245823389025,2.0712328767123287,0.1972602739726027,2.0892857142857144,0.07500000000000001,0.3756537998036255,undecided
56.801909307875896,2.1041095890410957,0.2301369863013698,2.0900017047391746,0.07500000000000001,0.3756537998036255,undecided
57.04057279236277,2.1041095890410957,0.2301369863013698,2.1045005114217523,0.07500000000000001,0.3756537998036255,undecided
57.279236276849645,2.1041095890410957,0.2301369863013698,2.1107142857142858,0.07500000000000001,0.3756537998036255,undecided
57.517899761336515,2.1041095890410957,0.2301369863013698,2.1107142857142858,0.07500000000000001,0.3756537998036255,undecided
57.756563245823386,2.136986301369863,0.2630136986301369,2.1107142857142858,0.07500000000000001,0.3756537998036255,undecided
57.995226730310264,2.136986301369863,0.2630136986301369,2.1196385952949197,0.07500000000000001,0.3756537998036255,undecided
58.233890214797135,2.16986301369863,0.2301369863013698,2.132142857142857,0.07500000000000001,0.3756537998036255,undecided
58.472553699284006,2.16986301369863,0.2301369863013698,2.132142857142857,0.07500000000000001,0.3756537998036255,undecided
58.71121718377088,2.16986301369863,0.2301369863013698,2.132142857142857,0.07500000000000001,0.3756537998036255,undecided
58.949880668257755,2.2356164383561645,0.2301369863013698,2.1347766791680867,0.07500000000000001,0.3756537998036255,undecided
59.18854415274463,2.2356164383561645,0.2301369863013698,2.149275485850665,0.07500000000000001,0.3756537998036255,undecided
59.427207637231504,2.2684931506849315,0.2630136986301369,2.1535714285714285,0.07500000000000001,0.3756537998036255,undecided
59.665871121718375,2.3013698630136985,0.2301369863013698,2.156844527787248,0.07500000000000001,0.3756537998036255,undecided
59.90453460620525,2.3013698630136985,0.2301369863013698,2.1713433344698263,0.07500000000000001,0.3756537998036255,undecided
60.14319809069213,2.367123287671233,0.2301369863013698,2.175,0.07500000000000001,0.3756537998036255,undecided
60.381861575178995,2.4,0.2630136986301369,2.1769561882032047,0.0857142857142852,0.3756537998036255,undecided
60.62052505966587,2.4328767123287673,0.2301369863013698,2.1842055915444933,0.0857142857142852,0.3756537998036255,undecided
60.859188544152744,2.4328767123287673,0.2301369863013698,2.191454994885782,0.0857142857142852,0.3756537998036255,undecided
61.097852028639615,2.4328767123287673,0.2301369863013698,2.196428571428571,0.07500000000000001,0.3756537998036255,undecided
61.33651551312649,2.4328767123287673,0.2301369863013698,2.196428571428571,0.07500000000000001,0.3756537998036255,undecided
61.57517899761336,2.4328767123287673,0.2301369863013698,2.2024889191953627,0.0857142857142852,0.3756537998036255,undecided
61.81384248210024,2.4328767123287673,0.2301369863013698,2.2097383225366523,0.0857142857142852,0.3756537998036255,undecided
62.05250596658711,2.4,0.2630136986301369,2.2169877258779405,0.0857142857142852,0.3756537998036255,undecided
62.29116945107398,2.4,0.2630136986301369,2.2178571428571425,0.07500000000000001,0.3756537998036255,undecided
62.52983293556086,2.4,0.2630136986301369,2.2236873508353217,0.07500000000000001,0.3756537998036255,undecided
62.76849642004773,2.367123287671233,0.2301369863013698,2.2381861575179,0.07500000000000001,0.3756537998036255,undecided
63.0071599045346,2.3013698630136985,0.2301369863013698,2.2392857142857143,0.07500000000000001,0.3756537998036255,undecided
63.24582338902148,2.3013698630136985,0.2301369863013698,2.2392857142857143,0.07500000000000001,0.3756537998036255,undecided
63.48448687350835,2.2684931506849315,0.2630136986301369,2.2392857142857143,0.07500000000000001,0.3756537998036255,undecided
63.72315035799522,2.2684931506849315,0.2630136986301369,2.2392857142857143,0.07500000000000001,0.3756537998036255,undecided
63.9618138424821,2.2684931506849315,0.2630136986301369,2.246394476645073,0.07500000000000001,0.3756537998036255,undecided
64.20047732696898,2.2684931506849315,0.2630136986301369,2.2607142857142857,0.07500000000000001,0.3756537998036255,undecided
64.43914081145584,2.2684931506849315,0.2630136986301369,2.2607142857142857,0.07500000000000001,0.3756537998036255,undecided
64.67780429594272,2.2684931506849315,0.2630136986301369,2.2607142857142857,0.07500000000000001,0.3756537998036255,undecided
64.9164677804296,2.3013698630136985,0.2301369863013698,2.261532560518241,0.07500000000000001,0.3756537998036255,undecided
65.15513126491646,2.3013698630136985,0.2301369863013698,2.276031367200817,0.07500000000000001,0.3756537998036255,undecided
65.39379474940334,2.3013698630136985,0.2301369863013698,2.2821428571428566,0.07500000000000001,0.3756537998036255,undecided
65.63245823389022,2.3013698630136985,0.2301369863013698,2.2821428571428566,0.07500000000000001,0.3756537998036255,undecided
65.87112171837708,2.3013698630136985,0.2301369863013698,2.2821428571428566,0.07500000000000001,0.3756537998036255,undecided
66.10978520286396,2.367123287671233,0.2301369863013698,2.2911694510739853,0.07500000000000001,0.3756537998036255,undecided
66.34844868735084,2.367123287671233,0.2301369863013698,2.3035714285714284,0.07500000000000001,0.3756537998036255,undecided
66.5871121718377,2.367123287671233,0.2301369863013698,2.3035714285714284,0.07500000000000001,0.3756537998036255,undecided
66.82577565632458,2.367123287671233,0.2301369863013698,2.3035714285714284,0.07500000000000001,0.3756537998036255,undecided
67.06443914081146,2.367123287671233,0.2301369863013698,2.3063075349471536,0.07500000000000001,0.3756537998036255,undecided
67.30310262529832,2.4,0.2630136986301369,2.32080634162973,0.07500000000000001,0.3756537998036255,undecided
67.5417661097852,2.4,0.2630136986301369,2.325,0.07500000000000001,0.3756537998036255,undecided
67.78042959427208,2.4328767123287673,0.2301369863013698,2.3266876917831576,0.0857142857142852,0.3756537998036255,undecided
68.01909307875896,2.4328767123287673,0.2301369863013698,2.3339370951244462,0.0857142857142852,0.3756537998036255,undecided
68.25775656324582,2.4328767123287673,0.2301369863013698,2.341186498465735,0.0857142857142852,0.3756537998036255,undecided
68.4964200477327,2.4986301369863013,0.2301369863013698,2.346428571428571,0.07500000000000001,0.3756537998036255,undecided
68.73508353221958,2.4986301369863013,0.2301369863013698,2.346428571428571,0.07500000000000001,0.3756537998036255,undecided
68.97374701670644,2.5315068493150683,0.2630136986301369,2.358012274122059,0.07500000000000001,0.3756537998036255,undecided
69.21241050119332,2.5643835616438357,0.2301369863013698,2.3678571428571424,0.07500000000000001,0.3756537998036255,undecided
69.4510739856802,2.6301369863013697,0.2301369863013698,2.3678571428571424,0.07500000000000001,0.3756537998036255,undecided
69.68973747016706,2.663013698630137,0.2630136986301369,2.3678571428571424,0.07500000000000001,0.3756537998036255,undecided
69.92840095465394,2.663013698630137,0.2630136986301369,2.3731503579952267,0.07500000000000001,0.3756537998036255,undecided
70.16706443914082,2.695890410958904,0.2301369863013698,2.3876491646778044,0.07500000000000001,0.3756537998036255,undecided
70.40572792362768,2.7616438356164386,0.2301369863013698,2.3892857142857142,0.07500000000000001,0.3756537998036255,undecided
70.64439140811456,2.7616438356164386,0.2301369863013698,2.3892857142857142,0.07500000000000001,0.3756537998036255,undecided
70.88305489260144,2.7945205479452055,0.2630136986301369,2.3892857142857142,0.07500000000000001,0.3756537998036255,undecided
71.1217183770883,2.7945205479452055,0.2630136986301369,2.402787248550971,0.07500000000000001,0.3756537998036255,undecided
71.36038186157518,2.7945205479452055,0.2630136986301369,2.4107142857142856,0.07500000000000001,0.3756537998036255,undecided
71.59904534606206,2.7945205479452055,0.2630136986301369,2.4107142857142856,0.07500000000000001,0.3756537998036255,undecided
71.83770883054892,2.7616438356164386,0.2301369863013698,2.417784691442209,0.0857142857142852,0.3756537998036255,undecided
72.0763723150358,2.7616438356164386,0.2301369863013698,2.4250340947834976,0.0857142857142852,0.3756537998036255,undecided
72.31503579952268,2.7616438356164386,0.2301369863013698,2.432142857142857,0.07500000000000001,0.3756537998036255,undecided
72.55369928400955,2.728767123287671,0.1972602739726027,2.432142857142857,0.07500000000000001,0.3756537998036255,undecided
72.79236276849642,2.695890410958904,0.2301369863013698,2.4360680190930784,0.0857142857142852,0.3756537998036255,undecided
73.0310262529833,2.695890410958904,0.2301369863013698,2.443317422434367,0.0857142857142852,0.3756537998036255,undecided
73.26968973747017,2.663013698630137,0.2630136986301369,2.450566825775656,0.0857142857142852,0.3756537998036255,undecided
73.50835322195704,2.663013698630137,0.2630136986301369,2.4535714285714283,0.07500000000000001,0.3756537998036255,undecided
73.74701670644392,2.663013698630137,0.2630136986301369,2.454351346743948,0.0857142857142852,0.3756537998036255,undecided
73.9856801909308,2.663013698630137,0.2630136986301369,2.461600750085237,0.0857142857142852,0.3756537998036255,undecided
74.22434367541766,2.663013698630137,0.2630136986301369,2.4688501534265255,0.0857142857142852,0.3756537998036255,undecided
74.46300715990454,2.663013698630137,0.2630136986301369,2.4749999999999996,0.07500000000000001,0.3756537998036255,undecided
74.70167064439141,2.663013698630137,0.2630136986301369,2.4749999999999996,0.07500000000000001,0.3756537998036255,undecided
74.94033412887828,2.663013698630137,0.2630136986301369,2.4749999999999996,0.07500000000000001,0.3756537998036255,undecided
75.17899761336515,2.663013698630137,0.2630136986301369,2.477838390726219,0.07500000000000001,0.3756537998036255,undecided
75.41766109785203,2.663013698630137,0.2630136986301369,2.492337197408797,0.07500000000000001,0.3756537998036255,undecided
75.6563245823389,2.663013698630137,0.2630136986301369,2.4964285714285714,0.07500000000000001,0.3756537998036255,undecided
75.89498806682577,2.663013698630137,0.2630136986301369,2.4964285714285714,0.07500000000000001,0.3756537998036255,undecided
76.13365155131265,2.695890410958904,0.2301369863013698,2.4964285714285714,0.07500000000000001,0.3756537998036255,undecided
76.37231503579952,2.695890410958904,0.2301369863013698,2.5074752812819634,0.07500000000000001,0.3756537998036255,undecided
76.6109785202864,2.695890410958904,0.2301369863013698,2.5178571428571423,0.07500000000000001,0.3756537998036255,undecided
76.84964200477327,2.695890410958904,0.2301369863013698,2.5178571428571423,0.07500000000000001,0.3756537998036255,undecided
77.08830548926014,2.728767123287671,0.1972602739726027,2.5178571428571423,0.07500000000000001,0.3756537998036255,undecided
77.32696897374701,2.7616438356164386,0.2301369863013698,2.5202352540061366,0.0857142857142852,0.3756537998036255,undecided
77.56563245823389,2.7616438356164386,0.2301369863013698,2.5274846573474257,0.0857142857142852,0.3756537998036255,undecided
77.80429594272077,2.7616438356164386,0.2301369863013698,2.5347340606887148,0.0857142857142852,0.3756537998036255,undecided
78.04295942720763,2.7945205479452055,0.2630136986301369,2.539285714285714,0.07500000000000001,0.3756537998036255,undecided
78.28162291169451,2.7945205479452055,0.2630136986301369,2.539285714285714,0.07500000000000001,0.3756537998036255,undecided
78.52028639618139,2.8273972602739725,0.2301369863013698,2.539285714285714,0.07500000000000001,0.3756537998036255,undecided
78.75894988066825,2.8602739726027395,0.1972602739726027,2.545320490964882,0.07500000000000001,0.3756537998036255,undecided
78.99761336515513,2.893150684931507,0.2301369863013698,2.5598192976474596,0.07500000000000001,0.3756537998036255,undecided
79.23627684964201,2.893150684931507,0.2301369863013698,2.560714285714285,0.07500000000000001,0.3756537998036255,undecided
79.47494033412887,2.926027397260274,0.2630136986301369,2.560714285714285,0.07500000000000001,0.3756537998036255,undecided
79.71360381861575,2.958904109589041,0.2301369863013698,2.560714285714285,0.07500000000000001,0.3756537998036255,undecided
79.95226730310263,3.0246575342465754,0.2301369863013698,2.5749573815206275,0.07500000000000001,0.3756537998036255,undecided
80.1909307875895,3.0575342465753423,0.2630136986301369,2.5821428571428573,0.07500000000000001,0.3756537998036255,undecided
80.42959427207637,3.1232876712328768,0.2630136986301369,2.5821428571428573,0.07500000000000001,0.3756537998036255,undecided
80.66825775656325,3.1890410958904107,0.2630136986301369,2.5821428571428573,0.07500000000000001,0.3756537998036255,undecided
80.90692124105011,3.1890410958904107,0.2630136986301369,2.5821428571428573,0.07500000000000001,0.3756537998036255,undecided
81.14558472553699,3.287671232876712,0.2301369863013698,2.5831657006478004,0.07500000000000001,0.3756537998036255,higher
81.38424821002387,3.3205479452054796,0.2630136986301369,2.5976645073303786,0.07500000000000001,0.3756537998036255,higher
81.62291169451073,3.3205479452054796,0.2630136986301369,2.603571428571428,0.07500000000000001,0.3756537998036255,higher
81.86157517899761,3.3534246575342466,0.2301369863013698,2.603571428571428,0.07500000000000001,0.3756537998036255,higher
82.10023866348449,3.3205479452054796,0.2630136986301369,2.603571428571428,0.07500000000000001,0.3756537998036255,higher
82.33890214797135,3.287671232876712,0.2301369863013698,2.612802591203545,0.07500000000000001,0.3756537998036255,undecided
82.57756563245823,3.254794520547945,0.2630136986301369,2.625,0.07500000000000001,0.3756537998036255,undecided
82.81622911694511,3.1890410958904107,0.2630136986301369,2.625,0.07500000000000001,0.3756537998036255,undecided
83.05489260143199,3.1890410958904107,0.2630136986301369,2.625,0.07500000000000001,0.3756537998036255,undecided
83.29355608591885,3.1561643835616437,0.2301369863013698,2.627940675076713,0.07500000000000001,0.3756537998036255,undecided
83.53221957040573,3.1561643835616437,0.2301369863013698,2.6424394817592907,0.07500000000000001,0.3756537998036255,undecided
83.77088305489261,3.1561643835616437,0.2301369863013698,2.646428571428571,0.07500000000000001,0.3756537998036255,undecided
84.00954653937947,3.1561643835616437,0.2301369863013698,2.646428571428571,0.07500000000000001,0.3756537998036255,undecided
84.24821002386635,3.1232876712328768,0.1972602739726027,2.646428571428571,0.07500000000000001,0.3756537998036255,undecided
84.48687350835323,3.0904109589041098,0.2301369863013698,2.6520030685305147,0.0857142857142852,0.3756537998036255,undecided
84.72553699284009,3.0904109589041098,0.2301369863013698,2.6592524718718034,0.0857142857142852,0.3756537998036255,undecided
84.96420047732697,3.0904109589041098,0.2301369863013698,2.6665018752130925,0.0857142857142852,0.3756537998036255,undecided
85.20286396181385,3.0904109589041098,0.2301369863013698,2.6678571428571427,0.07500000000000001,0.3756537998036255,undecided
85.44152744630071,3.0904109589041098,0.2301369863013698,2.6678571428571427,0.07500000000000001,0.3756537998036255,undecided
85.68019093078759,3.0904109589041098,0.2301369863013698,2.6678571428571427,0.07500000000000001,0.3756537998036255,undecided
85.91885441527447,3.0904109589041098,0.2301369863013698,2.6678571428571427,0.07500000000000001,0.3756537998036255,undecided
86.15751789976133,3.0904109589041098,0.2301369863013698,2.673354926696215,0.07500000000000001,0.3756537998036255,undecided
86.39618138424821,3.0904109589041098,0.2301369863013698,2.6878537333787933,0.07500000000000001,0.3756537998036255,undecided
86.63484486873509,3.0904109589041098,0.2301369863013698,2.689285714285714,0.07500000000000001,0.3756537998036255,undecided
86.87350835322195,3.1232876712328768,0.1972602739726027,2.689285714285714,0.07500000000000001,0.3756537998036255,undecided
87.11217183770883,3.1561643835616437,0.2301369863013698,2.689285714285714,0.07500000000000001,0.3756537998036255,undecided
87.3508353221957,3.1561643835616437,0.2301369863013698,2.6961387657688376,0.0857142857142852,0.3756537998036255,undecided
87.58949880668258,3.1890410958904107,0.2630136986301369,2.7033881691101262,0.0857142857142852,0.3756537998036255,undecided
87.82816229116945,3.1890410958904107,0.2630136986301369,2.7106375724514145,0.0857142857142852,0.3756537998036255,undecided
88.06682577565633,3.1890410958904107,0.2630136986301369,2.710714285714286,0.07500000000000001,0.3756537998036255,undecided
88.3054892601432,3.254794520547945,0.1972602739726027,2.710714285714286,0.07500000000000001,0.3756537998036255,undecided
88.54415274463007,3.287671232876712,0.2301369863013698,2.710714285714286,0.07500000000000001,0.3756537998036255,undecided
88.78281622911695,3.3205479452054796,0.2630136986301369,2.710714285714286,0.07500000000000001,0.3756537998036255,undecided
89.02147971360382,3.3205479452054796,0.2630136986301369,2.710714285714286,0.07500000000000001,0.3756537998036255,undecided
89.26014319809069,3.3863013698630136,0.2630136986301369,2.7118394135697232,0.07500000000000001,0.3756537998036255,undecided
89.49880668257757,3.452054794520548,0.2630136986301369,2.726338220252301,0.07500000000000001,0.3756537998036255,higher
89.73747016706444,3.484931506849315,0.295890410958904,2.7321428571428568,0.07500000000000001,0.3756537998036255,higher
89.97613365155131,3.5506849315068494,0.2301369863013698,2.7321428571428568,0.07500000000000001,0.3756537998036255,higher
90.2147971360382,3.6164383561643834,0.295890410958904,2.7321428571428568,0.07500000000000001,0.3756537998036255,higher
90.45346062052506,3.682191780821918,0.295890410958904,2.7321428571428568,0.07500000000000001,0.3756537998036255,higher
90.69212410501191,3.7150684931506848,0.2630136986301369,2.7345465393794726,0.07500000000000001,0.3756537998036255,higher
90.9307875894988,3.780821917808219,0.2630136986301369,2.7490453460620525,0.07500000000000001,0.3756537998036255,higher
91.16945107398568,3.813698630136986,0.2301369863013698,2.7535714285714286,0.07500000000000001,0.3756537998036255,higher
91.40811455847256,3.8465753424657536,0.2630136986301369,2.755092908285032,0.0857142857142852,0.3756537998036255,higher
91.64677804295944,3.8465753424657536,0.2630136986301369,2.7623423116263215,0.0857142857142852,0.3756537998036255,higher
91.8854415274463,3.8465753424657536,0.2630136986301369,2.76959171496761,0.0857142857142852,0.3756537998036255,higher
92.12410501193315,3.8465753424657536,0.2630136986301369,2.7750000000000004,0.07500000000000001,0.3756537998036255,higher
92.36276849642005,3.8465753424657536,0.2630136986301369,2.7750000000000004,0.07500000000000001,0.3756537998036255,higher
92.60143198090692,3.813698630136986,0.2301369863013698,2.780625639277191,0.0857142857142852,0.3756537998036255,higher
92.8400954653938,3.780821917808219,0.2630136986301369,2.7878750426184795,0.0857142857142852,0.3756537998036255,higher
93.07875894988068,3.7150684931506848,0.2630136986301369,2.7951244459597686,0.0857142857142852,0.3756537998036255,higher
93.31742243436754,3.682191780821918,0.2301369863013698,2.7964285714285717,0.07500000000000001,0.3756537998036255,higher
93.55608591885442,3.682191780821918,0.2301369863013698,2.7964285714285717,0.07500000000000001,0.3756537998036255,higher
93.79474940334129,3.6164383561643834,0.2301369863013698,2.7964285714285717,0.07500000000000001,0.3756537998036255,higher
94.03341288782816,3.5835616438356164,0.2630136986301369,2.808958404364132,0.07500000000000001,0.3756537998036255,higher
94.27207637231504,3.5835616438356164,0.2630136986301369,2.8178571428571426,0.07500000000000001,0.3756537998036255,higher
94.5107398568019,3.5835616438356164,0.2630136986301369,2.8178571428571426,0.07500000000000001,0.3756537998036255,higher
94.74940334128878,3.5835616438356164,0.2630136986301369,2.8178571428571426,0.07500000000000001,0.3756537998036255,higher
94.98806682577566,3.5835616438356164,0.2630136986301369,2.8240964882373003,0.07500000000000001,0.3756537998036255,higher
95.22673031026252,3.5835616438356164,0.2630136986301369,2.8385952949198767,0.07500000000000001,0.3756537998036255,higher
95.4653937947494,3.5835616438356164,0.2630136986301369,2.8392857142857144,0.07500000000000001,0.3756537998036255,higher
95.70405727923628,3.6164383561643834,0.2301369863013698,2.8392857142857144,0.07500000000000001,0.3756537998036255,higher
95.94272076372314,3.6164383561643834,0.2301369863013698,2.8392857142857144,0.07500000000000001,0.3756537998036255,higher
96.18138424821002,3.649315068493151,0.1972602739726027,2.8392857142857144,0.07500000000000001,0.3756537998036255,higher
96.4200477326969,3.682191780821918,0.2301369863013698,2.846803614047052,0.07500000000000001,0.3756537998036255,higher
96.65871121718376,3.682191780821918,0.2301369863013698,2.8607142857142858,0.07500000000000001,0.3756537998036255,higher
96.89737470167064,3.682191780821918,0.2301369863013698,2.8607142857142858,0.07500000000000001,0.3756537998036255,higher
97.13603818615752,3.682191780821918,0.2301369863013698,2.8607142857142858,0.07500000000000001,0.3756537998036255,higher
97.37470167064438,3.682191780821918,0.2301369863013698,2.8607142857142858,0.07500000000000001,0.3756537998036255,higher
97.61336515513126,3.7150684931506848,0.2630136986301369,2.8607142857142858,0.07500000000000001,0.3756537998036255,higher
97.85202863961814,3.747945205479452,0.2301369863013698,2.8695107398568016,0.07500000000000001,0.3756537998036255,higher
98.09069212410502,3.747945205479452,0.2301369863013698,2.882142857142857,0.07500000000000001,0.3756537998036255,higher
98.32935560859188,3.780821917808219,0.1972602739726027,2.882142857142857,0.07500000000000001,0.3756537998036255,higher
98.56801909307876,3.813698630136986,0.2301369863013698,2.882142857142857,0.07500000000000001,0.3756537998036255,higher
98.80668257756564,3.813698630136986,0.2301369863013698,2.882142857142857,0.07500000000000001,0.3756537998036255,higher
99.0453460620525,3.8465753424657536,0.2630136986301369,2.882142857142857,0.07500000000000001,0.3756537998036255,higher
99.28400954653938,3.912328767123288,0.2630136986301369,2.882142857142857,0.07500000000000001,0.3756537998036255,higher
99.52267303102626,3.912328767123288,0.2630136986301369,2.8852881009205587,0.07500000000000001,0.3756537998036255,higher
99.76133651551312,3.978082191780822,0.2630136986301369,2.8997869076031355,0.07500000000000001,0.3756537998036255,higher
100.0,4.043835616438356,0.2630136986301369,2.9035714285714285,0.07500000000000001,0.3756537998036255,higher
100.23866348448688,4.109589041095891,0.2630136986301369,2.9035714285714285,0.07500000000000001,0.3756537998036255,higher
100.47732696897374,4.142465753424657,0.295890410958904,2.9035714285714285,0.07500000000000001,0.3756537998036255,higher
100.71599045346062,4.241095890410959,0.2630136986301369,2.9035714285714285,0.07500000000000001,0.3756537998036255,higher
100.9546539379475,4.241095890410959,0.2630136986301369,2.9035714285714285,0.07500000000000001,0.3756537998036255,higher
101.19331742243436,4.306849315068493,0.2630136986301369,2.9035714285714285,0.07500000000000001,0.3756537998036255,higher
101.43198090692124,4.372602739726028,0.2630136986301369,2.9155642686668943,0.07500000000000001,0.3756537998036255,higher
101.67064439140812,4.372602739726028,0.2630136986301369,2.925,0.07500000000000001,0.3756537998036255,higher
101.90930787589498,4.405479452054794,0.2301369863013698,2.925,0.07500000000000001,0.3756537998036255,higher
102.14797136038186,4.405479452054794,0.2301369863013698,2.9313160586430276,0.0857142857142852,0.3756537998036255,higher
102.38663484486874,4.405479452054794,0.2301369863013698,2.9385654619843162,0.0857142857142852,0.3756537998036255,higher
102.62529832935562,4.372602739726028,0.2630136986301369,2.945814865325605,0.0857142857142852,0.3756537998036255,higher
102.86396181384248,4.33972602739726,0.2301369863013698,2.946428571428571,0.07500000000000001,0.3756537998036255,higher
103.10262529832936,4.33972602739726,0.2301369863013698,2.952770201159222,0.07500000000000001,0.3756537998036255,higher
103.34128878281624,4.241095890410959,0.2630136986301369,2.9672690078418005,0.07500000000000001,0.3756537998036255,higher
103.5799522673031,4.241095890410959,0.2630136986301369,2.9678571428571425,0.07500000000000001,0.3756537998036255,higher
103.81861575178998,4.241095890410959,0.2630136986301369,2.971347596317763,0.0857142857142852,0.3756537998036255,higher
104.05727923627686,4.241095890410959,0.2630136986301369,2.978596999659052,0.0857142857142852,0.3756537998036255,higher
104.29594272076372,4.208219178082191,0.2301369863013698,2.98584640300034,0.0857142857142852,0.3756537998036255,higher
104.5346062052506,4.208219178082191,0.2301369863013698,2.9930958063416293,0.0857142857142852,0.3756537998036255,higher
104.77326968973748,4.208219178082191,0.2301369863013698,3.0003452096829184,0.0857142857142852,0.3756537998036255,higher
105.01193317422434,4.208219178082191,0.2301369863013698,3.007594613024207,0.0857142857142852,0.3756537998036255,higher
105.25059665871122,4.208219178082191,0.2301369863013698,3.0107142857142857,0.07500000000000001,0.3756537998036255,higher
105.4892601431981,4.208219178082191,0.2301369863013698,3.0107142857142857,0.07500000000000001,0.3756537998036255,higher
105.72792362768496,4.208219178082191,0.2301369863013698,3.0107142857142857,0.07500000000000001,0.3756537998036255,higher
105.96658711217184,4.208219178082191,0.2301369863013698,3.0196130242072963,0.07500000000000001,0.3756537998036255,higher
106.20525059665871,4.208219178082191,0.2301369863013698,3.032142857142857,0.07500000000000001,0.3756537998036255,higher
106.44391408114558,4.208219178082191,0.2301369863013698,3.032142857142857,0.07500000000000001,0.3756537998036255,higher
106.68257756563246,4.241095890410959,0.2630136986301369,3.032142857142857,0.07500000000000001,0.3756537998036255,higher
106.92124105011932,4.241095890410959,0.2630136986301369,3.0334469826116592,0.07500000000000001,0.3756537998036255,higher
107.1599045346062,4.241095890410959,0.2630136986301369,3.0406963859529483,0.07500000000000001,0.3756537998036255,higher
107.39856801909308,4.241095890410959,0.2630136986301369,3.0479457892942374,0.07500000000000001,0.3756537998036255,higher
107.63723150357995,4.273972602739726,0.2301369863013698,3.0535714285714284,0.07500000000000001,0.3756537998036255,higher
107.87589498806685,4.33972602739726,0.2301369863013698,3.0535714285714284,0.07500000000000001,0.3756537998036255,higher
108.1145584725537,4.33972602739726,0.2301369863013698,3.0535714285714284,0.07500000000000001,0.3756537998036255,higher
108.35322195704056,4.372602739726028,0.2630136986301369,3.0535714285714284,0.07500000000000001,0.3756537998036255,higher
108.59188544152744,4.372602739726028,0.2630136986301369,3.0535714285714284,0.07500000000000001,0.3756537998036255,higher
108.83054892601432,4.438356164383562,0.2630136986301369,3.0535714285714284,0.07500000000000001,0.3756537998036255,higher
109.0692124105012,4.471232876712329,0.2301369863013698,3.0535714285714284,0.07500000000000001,0.3756537998036255,higher
109.30787589498809,4.504109589041096,0.2630136986301369,3.0535714285714284,0.07500000000000001,0.3756537998036255,higher
109.54653937947494,4.504109589041096,0.2630136986301369,3.0535714285714284,0.07500000000000001,0.3756537998036255,higher
109.7852028639618,4.536986301369863,0.2301369863013698,3.0587367882713936,0.07500000000000001,0.3756537998036255,higher
110.02386634844868,4.602739726027397,0.2301369863013698,3.0732355949539722,0.07500000000000001,0.3756537998036255,higher
110.26252983293556,4.602739726027397,0.2301369863013698,3.0749999999999997,0.07500000000000001,0.3756537998036255,higher
110.50119331742243,4.602739726027397,0.2301369863013698,3.0749999999999997,0.07500000000000001,0.3756537998036255,higher
110.73985680190933,4.668493150684932,0.2301369863013698,3.0749999999999997,0.07500000000000001,0.3756537998036255,higher
110.97852028639618,4.668493150684932,0.2301369863013698,3.0749999999999997,0.07500000000000001,0.3756537998036255,higher
111.21718377088304,4.734246575342466,0.2301369863013698,3.0814439140811443,0.07500000000000001,0.3756537998036255,higher
111.45584725536992,4.734246575342466,0.2301369863013698,3.0959427207637233,0.07500000000000001,0.3756537998036255,higher
111.6945107398568,4.767123287671233,0.2630136986301369,3.0964285714285715,0.07500000000000001,0.3756537998036255,higher
111.93317422434367,4.767123287671233,0.2630136986301369,3.099970167064439,0.0857142857142852,0.3756537998036255,higher
112.17183770883057,4.832876712328767,0.1972602739726027,3.1072195704057286,0.0857142857142852,0.3756537998036255,higher
112.41050119331742,4.865753424657535,0.2301369863013698,3.114468973747017,0.0857142857142852,0.3756537998036255,higher
112.6491646778043,4.865753424657535,0.2301369863013698,3.121718377088306,0.0857142857142852,0.3756537998036255,higher
112.88782816229116,4.865753424657535,0.2301369863013698,3.128967780429594,0.0857142857142852,0.3756537998036255,higher
113.12649164677804,4.865753424657535,0.2301369863013698,3.1362171837708823,0.0857142857142852,0.3756537998036255,higher
113.36515513126491,4.832876712328767,0.2630136986301369,3.1434665871121714,0.0857142857142852,0.3756537998036255,higher
113.6038186157518,4.767123287671233,0.2630136986301369,3.1507159904534614,0.0857142857142852,0.3756537998036255,higher
113.84248210023868,4.701369863013698,0.2630136986301369,3.1579653937947496,0.0857142857142852,0.3756537998036255,higher
114.08114558472552,4.635616438356164,0.2630136986301369,3.165214797136038,0.0857142857142852,0.3756537998036255,higher
114.3198090692124,4.5698630136986305,0.2630136986301369,3.172464200477327,0.0857142857142852,0.3756537998036255,higher
114.55847255369927,4.504109589041096,0.2630136986301369,3.179713603818616,0.0857142857142852,0.3756537998036255,higher
114.79713603818615,4.438356164383562,0.2630136986301369,3.186963007159904,0.0857142857142852,0.3756537998036255,higher
115.03579952267305,4.372602739726028,0.2630136986301369,3.194212410501194,0.0857142857142852,0.3756537998036255,higher
115.27446300715992,4.372602739726028,0.2630136986301369,3.2014618138424824,0.0857142857142852,0.3756537998036255,higher
115.51312649164676,4.33972602739726,0.2301369863013698,3.20871121718377,0.0857142857142852,0.3756537998036255,higher
115.75178997613364,4.273972602739726,0.2301369863013698,3.2159606205250593,0.0857142857142852,0.3756537998036255,higher
115.99045346062051,4.241095890410959,0.2630136986301369,3.2232100238663484,0.0857142857142852,0.3756537998036255,higher
116.2291169451074,4.241095890410959,0.2630136986301369,3.2249999999999996,0.07500000000000001,0.3756537998036255,higher
116.46778042959428,4.208219178082191,0.2301369863013698,3.2249999999999996,0.07500000000000001,0.3756537998036255,higher
116.70644391408116,4.208219178082191,0.2301369863013698,3.2249999999999996,0.07500000000000001,0.3756537998036255,higher
116.945107398568,4.208219178082191,0.2301369863013698,3.2249999999999996,0.07500000000000001,0.3756537998036255,higher
117.18377088305488,4.241095890410959,0.2630136986301369,3.229628366859869,0.07500000000000001,0.3756537998036255,higher
117.42243436754175,4.306849315068493,0.2630136986301369,3.2441271735424473,0.07500000000000001,0.3756537998036255,higher
117.66109785202865,4.33972602739726,0.295890410958904,3.246428571428571,0.07500000000000001,0.3756537998036255,higher
117.89976133651552,4.405479452054794,0.295890410958904,3.246428571428571,0.07500000000000001,0.3756537998036255,higher
118.1384248210024,4.504109589041096,0.3287671232876712,3.246428571428571,0.07500000000000001,0.3756537998036255,higher
118.37708830548928,4.635616438356164,0.3287671232876712,3.246428571428571,0.07500000000000001,0.3756537998036255,higher
118.61575178997612,4.734246575342466,0.3616438356164383,3.246428571428571,0.07500000000000001,0.3756537998036255,higher
118.854415274463,4.832876712328767,0.3287671232876712,3.246428571428571,0.07500000000000001,0.3756537998036255,higher
119.09307875894989,4.865753424657535,0.3616438356164383,3.246428571428571,0.07500000000000001,0.3756537998036255,higher
119.33174224343676,4.964383561643835,0.2630136986301369,3.252974769860211,0.07500000000000001,0.3756537998036255,higher
119.57040572792364,5.063013698630137,0.295890410958904,3.267473576542789,0.07500000000000001,0.3756537998036255,higher
119.8090692124105,5.1287671232876715,0.2301369863013698,3.2678571428571423,0.07500000000000001,0.3756537998036255,higher
120.04773269689736,5.161643835616438,0.2630136986301369,3.2678571428571423,0.07500000000000001,0.3756537998036255,higher
120.28639618138423,5.1945205479452055,0.2301369863013698,3.2678571428571423,0.07500000000000001,0.3756537998036255,higher
120.52505966587113,5.227397260273973,0.1972602739726027,3.2678571428571423,0.07500000000000001,0.3756537998036255,higher
120.763723150358,5.1945205479452055,0.2301369863013698,3.2717695192635525,0.0857142857142852,0.3756537998036255,higher
121.00238663484488,5.1945205479452055,0.2301369863013698,3.2790189226048416,0.0857142857142852,0.3756537998036255,higher
121.24105011933176,5.161643835616438,0.2630136986301369,3.2862683259461307,0.0857142857142852,0.3756537998036255,higher
121.4797136038186,5.1287671232876715,0.2301369863013698,3.2935177292874185,0.0857142857142852,0.3756537998036255,higher
121.71837708830547,5.1287671232876715,0.2301369863013698,3.3007671326287076,0.0857142857142852,0.3756537998036255,higher
121.95704057279237,5.1287671232876715,0.2301369863013698,3.3080165359699967,0.0857142857142852,0.3756537998036255,higher
122.19570405727924,5.1287671232876715,0.2301369863013698,3.3152659393112858,0.0857142857142852,0.3756537998036255,higher
122.43436754176612,5.1287671232876715,0.2301369863013698,3.322515342652575,0.0857142857142852,0.3756537998036255,higher
122.673031026253,5.1287671232876715,0.2301369863013698,3.329764745993863,0.0857142857142852,0.3756537998036255,higher
122.91169451073986,5.063013698630137,0.295890410958904,3.337014149335152,0.0857142857142852,0.3756537998036255,higher
123.15035799522671,5.03013698630137,0.2630136986301369,3.3456699624957382,0.0857142857142852,0.3756537998036255,higher
123.3890214797136,4.931506849315069,0.295890410958904,3.3601687691783164,0.0857142857142852,0.3756537998036255,higher
123.62768496420048,4.865753424657535,0.295890410958904,3.369476645073304,0.0857142857142852,0.3756537998036255,higher
123.86634844868736,4.734246575342466,0.3616438356164383,3.376726048414593,0.0857142857142852,0.3756537998036255,higher
124.10501193317424,4.668493150684932,0.295890410958904,3.383975451755882,0.0857142857142852,0.3756537998036255,higher
124.3436754176611,4.602739726027397,0.295890410958904,3.3912248550971706,0.0857142857142852,0.3756537998036255,higher
124.58233890214797,4.536986301369863,0.295890410958904,3.400519945448347,0.07500000000000001,0.3756537998036255,higher
124.82100238663485,4.471232876712329,0.295890410958904,3.4150187521309237,0.07500000000000001,0.3756537998036255,higher
125.05966587112172,4.372602739726028,0.2630136986301369,3.4236873508353223,0.0857142857142852,0.3756537998036255,higher
125.2983293556086,4.372602739726028,0.2630136986301369,3.430936754176611,0.0857142857142852,0.3756537998036255,higher
125.53699284009546,4.306849315068493,0.2630136986301369,3.438186157517899,0.0857142857142852,0.3756537998036255,higher
125.77565632458234,4.241095890410959,0.2630136986301369,3.439285714285714,0.07500000000000001,0.3756537998036255,higher
126.0143198090692,4.208219178082191,0.2301369863013698,3.444655642686668,0.07500000000000001,0.3756537998036255,higher
126.25298329355608,4.208219178082191,0.2301369863013698,3.4591544493692448,0.07500000000000001,0.3756537998036255,higher
126.49164677804296,4.208219178082191,0.2301369863013698,3.4607142857142854,0.07500000000000001,0.3756537998036255,higher
126.73031026252984,4.241095890410959,0.2630136986301369,3.4607142857142854,0.07500000000000001,0.3756537998036255,higher
126.9689737470167,4.241095890410959,0.2630136986301369,3.4607142857142854,0.07500000000000001,0.3756537998036255,higher
127.20763723150358,4.306849315068493,0.2630136986301369,3.4607142857142854,0.07500000000000001,0.3756537998036255,higher
127.44630071599045,4.33972602739726,0.2301369863013698,3.46736276849642,0.07500000000000001,0.3756537998036255,higher
127.68496420047732,4.372602739726028,0.2630136986301369,3.4818615751789963,0.07500000000000001,0.3756537998036255,higher
127.9236276849642,4.372602739726028,0.2630136986301369,3.4821428571428577,0.07500000000000001,0.3756537998036255,higher
128.16229116945107,4.471232876712329,0.2301369863013698,3.4821428571428577,0.07500000000000001,0.3756537998036255,higher
128.40095465393796,4.504109589041096,0.2630136986301369,3.4821428571428577,0.07500000000000001,0.3756537998036255,higher
128.63961813842482,4.536986301369863,0.295890410958904,3.4821428571428577,0.07500000000000001,0.3756537998036255,higher
128.8782816229117,4.602739726027397,0.2301369863013698,3.4821428571428577,0.07500000000000001,0.3756537998036255,higher
129.11694510739858,4.635616438356164,0.2630136986301369,3.482641493351518,0.0857142857142852,0.3756537998036255,higher
129.35560859188544,4.635616438356164,0.2630136986301369,3.489890896692806,0.0857142857142852,0.3756537998036255,higher
129.5942720763723,4.734246575342466,0.2301369863013698,3.4971403000340944,0.0857142857142852,0.3756537998036255,higher
129.8329355608592,4.734246575342466,0.2301369863013698,3.5043897033753844,0.0857142857142852,0.3756537998036255,higher
130.07159904534606,4.734246575342466,0.2301369863013698,3.5116391067166726,0.0857142857142852,0.3756537998036255,higher
130.31026252983293,4.734246575342466,0.2301369863013698,3.5188885100579608,0.0857142857142852,0.3756537998036255,higher
130.54892601431982,4.734246575342466,0.2301369863013698,3.52613791339925,0.0857142857142852,0.3756537998036255,higher
130.78758949880668,4.734246575342466,0.2301369863013698,3.5333873167405385,0.0857142857142852,0.3756537998036255,higher
131.02625298329357,4.734246575342466,0.2301369863013698,3.540636720081828,0.0857142857142852,0.3756537998036255,higher
131.26491646778044,4.734246575342466,0.2301369863013698,3.547886123423117,0.0857142857142852,0.3756537998036255,higher
131.5035799522673,4.734246575342466,0.2301369863013698,3.5551355267644054,0.0857142857142852,0.3756537998036255,higher
131.74224343675417,4.734246575342466,0.2301369863013698,3.56762700306853,0.0857142857142852,0.3756537998036255,higher
131.98090692124106,4.734246575342466,0.2301369863013698,3.5785714285714283,0.0857142857142852,0.3756537998036255,higher
132.21957040572792,4.701369863013698,0.1972602739726027,3.5785714285714283,0.0857142857142852,0.3756537998036255,higher
132.4582338902148,4.668493150684932,0.2301369863013698,3.5896948516876925,0.0857142857142852,0.3756537998036255,higher
132.69689737470168,4.668493150684932,0.2301369863013698,3.60419365837027,0.0857142857142852,0.3756537998036255,higher
132.93556085918854,4.668493150684932,0.2301369863013698,3.618692465052847,0.0857142857142852,0.3756537998036255,higher
133.1742243436754,4.668493150684932,0.2301369863013698,3.621428571428571,0.0857142857142852,0.3756537998036255,higher
133.4128878281623,4.635616438356164,0.2630136986301369,3.6262615069894304,0.0857142857142852,0.3756537998036255,higher
133.65155131264916,4.602739726027397,0.2301369863013698,3.6407603136720077,0.0857142857142852,0.3756537998036255,higher
133.89021479713605,4.602739726027397,0.2301369863013698,3.649058131605865,0.0857142857142852,0.3756537998036255,higher
134.12887828162292,4.602739726027397,0.2301369863013698,3.656307534947153,0.0857142857142852,0.3756537998036255,higher
134.36754176610978,4.602739726027397,0.2301369863013698,3.6635569382884423,0.0857142857142852,0.3756537998036255,higher
134.60620525059664,4.602739726027397,0.2301369863013698,3.6708063416297305,0.0857142857142852,0.3756537998036255,higher
134.84486873508354,4.635616438356164,0.2630136986301369,3.6750000000000003,0.07500000000000001,0.3756537998036255,higher
135.0835322195704,4.635616438356164,0.2630136986301369,3.6750000000000003,0.07500000000000001,0.3756537998036255,higher
135.3221957040573,4.668493150684932,0.2301369863013698,3.6886805318786235,0.07500000000000001,0.3756537998036255,higher
135.56085918854416,4.668493150684932,0.2301369863013698,3.6964285714285716,0.07500000000000001,0.3756537998036255,higher
135.79952267303102,4.668493150684932,0.2301369863013698,3.6964285714285716,0.07500000000000001,0.3756537998036255,higher
136.0381861575179,4.668493150684932,0.2301369863013698,3.6964285714285716,0.07500000000000001,0.3756537998036255,higher
136.27684964200478,4.734246575342466,0.2301369863013698,3.70381861575179,0.07500000000000001,0.3756537998036255,higher
136.51551312649164,4.767123287671233,0.2630136986301369,3.717857142857143,0.07500000000000001,0.3756537998036255,higher
136.75417661097853,4.8,0.295890410958904,3.717857142857143,0.07500000000000001,0.3756537998036255,higher
136.9928400954654,4.865753424657535,0.295890410958904,3.717857142857143,0.07500000000000001,0.3756537998036255,higher
137.23150357995226,4.964383561643835,0.3287671232876712,3.717857142857143,0.07500000000000001,0.3756537998036255,higher
137.47016706443915,5.03013698630137,0.3287671232876712,3.717857142857143,0.07500000000000001,0.3756537998036255,higher
137.70883054892602,5.1287671232876715,0.295890410958904,3.717857142857143,0.07500000000000001,0.3756537998036255,higher
137.94749403341288,5.1945205479452055,0.295890410958904,3.717857142857143,0.07500000000000001,0.3756537998036255,higher
138.18615751789977,5.293150684931507,0.2630136986301369,3.717857142857143,0.07500000000000001,0.3756537998036255,higher
138.42482100238664,5.326027397260274,0.295890410958904,3.717857142857143,0.07500000000000001,0.3756537998036255,higher
138.6634844868735,5.457534246575342,0.295890410958904,3.7190461984316396,0.0857142857142852,0.3756537998036255,higher
138.9021479713604,5.457534246575342,0.295890410958904,3.7262956017729287,0.0857142857142852,0.3756537998036255,higher
139.14081145584726,5.589041095890411,0.295890410958904,3.733545005114218,0.0857142857142852,0.3756537998036255,higher
139.37947494033412,5.654794520547945,0.295890410958904,3.740794408455506,0.0857142857142852,0.3756537998036255,higher
139.618138424821,5.7534246575342465,0.2630136986301369,3.748043811796796,0.0857142857142852,0.3756537998036255,higher
139.85680190930788,5.786301369863014,0.2301369863013698,3.755293215138084,0.0857142857142852,0.3756537998036255,higher
140.09546539379474,5.786301369863014,0.2301369863013698,3.7625426184793724,0.0857142857142852,0.3756537998036255,higher
140.33412887828163,5.786301369863014,0.2301369863013698,3.7697920218206615,0.0857142857142852,0.3756537998036255,higher
140.5727923627685,5.6219178082191785,0.3287671232876712,3.782654278895329,0.0857142857142852,0.3756537998036255,higher
140.81145584725536,5.589041095890411,0.295890410958904,3.7971530855779054,0.0857142857142852,0.3756537998036255,higher
141.05011933174225,5.457534246575342,0.295890410958904,3.8116518922604836,0.0857142857142852,0.3756537998036255,higher
141.28878281622912,5.391780821917808,0.295890410958904,3.820218206614387,0.0857142857142852,0.3756537998036255,higher
141.52744630071598,5.293150684931507,0.2630136986301369,3.8274676099556757,0.0857142857142852,0.3756537998036255,higher
141.76610978520287,5.293150684931507,0.2630136986301369,3.8347170132969652,0.0857142857142852,0.3756537998036255,higher
142.00477326968974,5.260273972602739,0.2301369863013698,3.8482185475622233,0.0857142857142852,0.3756537998036255,higher
142.2434367541766,5.260273972602739,0.2301369863013698,3.859930105693829,0.0857142857142852,0.3756537998036255,higher
142.4821002386635,5.260273972602739,0.2301369863013698,3.8671795090351173,0.0857142857142852,0.3756537998036255,higher
142.72076372315036,5.260273972602739,0.2301369863013698,3.867857142857143,0.07500000000000001,0.3756537998036255,higher
142.95942720763722,5.293150684931507,0.2630136986301369,3.874070917149676,0.07500000000000001,0.3756537998036255,higher
143.1980906921241,5.326027397260274,0.2301369863013698,3.8885697238322545,0.07500000000000001,0.3756537998036255,higher
143.43675417661098,5.391780821917808,0.2301369863013698,3.8892857142857142,0.07500000000000001,0.3756537998036255,higher
143.67541766109784,5.391780821917808,0.2301369863013698,3.896138765768837,0.07500000000000001,0.3756537998036255,higher
143.91408114558473,5.391780821917808,0.2301369863013698,3.910637572451415,0.07500000000000001,0.3756537998036255,higher
144.1527446300716,5.424657534246576,0.2630136986301369,3.9107142857142856,0.07500000000000001,0.3756537998036255,higher
144.39140811455846,5.457534246575342,0.2301369863013698,3.9107142857142856,0.07500000000000001,0.3756537998036255,higher
144.63007159904535,5.523287671232877,0.2301369863013698,3.9112768496420056,0.07500000000000001,0.3756537998036255,higher
144.8687350835322,5.556164383561644,0.2630136986301369,3.925775656324581,0.07500000000000001,0.3756537998036255,higher
145.1073985680191,5.589041095890411,0.295890410958904,3.932142857142857,0.07500000000000001,0.3756537998036255,higher
145.34606205250597,5.6876712328767125,0.2630136986301369,3.932142857142857,0.07500000000000001,0.3756537998036255,higher
145.58472553699283,5.6876712328767125,0.2630136986301369,3.932142857142857,0.07500000000000001,0.3756537998036255,higher
145.82338902147973,5.786301369863014,0.2301369863013698,3.932142857142857,0.07500000000000001,0.3756537998036255,higher
146.0620525059666,5.786301369863014,0.2301369863013698,3.932142857142857,0.07500000000000001,0.3756537998036255,higher
146.30071599045343,5.786301369863014,0.2301369863013698,3.932142857142857,0.07500000000000001,0.3756537998036255,higher
146.53937947494035,5.786301369863014,0.2301369863013698,3.9415530173883395,0.07500000000000001,0.3756537998036255,higher
146.7780429594272,5.786301369863014,0.2301369863013698,3.9535714285714283,0.07500000000000001,0.3756537998036255,higher
147.01670644391407,5.786301369863014,0.2301369863013698,3.9535714285714283,0.07500000000000001,0.3756537998036255,higher
147.25536992840097,5.654794520547945,0.295890410958904,3.9535714285714283,0.07500000000000001,0.3756537998036255,higher
147.49403341288783,5.6219178082191785,0.3287671232876712,3.9535714285714283,0.07500000000000001,0.3756537998036255,higher
147.7326968973747,5.523287671232877,0.295890410958904,3.9535714285714283,0.07500000000000001,0.3756537998036255,higher
147.9713603818616,5.49041095890411,0.2630136986301369,3.9535714285714283,0.07500000000000001,0.3756537998036255,higher
148.21002386634845,5.391780821917808,0.2301369863013698,3.9535714285714283,0.07500000000000001,0.3756537998036255,higher
148.4486873508353,5.391780821917808,0.2301369863013698,3.9535714285714283,0.07500000000000001,0.3756537998036255,higher
148.6873508353222,5.326027397260274,0.2301369863013698,3.9535714285714283,0.07500000000000001,0.3756537998036255,higher
148.92601431980907,5.326027397260274,0.2301369863013698,3.9535714285714283,0.07500000000000001,0.3756537998036255,higher
149.16467780429593,5.326027397260274,0.2301369863013698,3.9535714285714283,0.07500000000000001,0.3756537998036255,higher
149.40334128878283,5.326027397260274,0.2301369863013698,3.9715223320831914,0.0857142857142852,0.3756537998036255,higher
149.6420047732697,5.358904109589041,0.1972602739726027,3.9882330378452093,0.096428571428571,0.3756537998036255,higher
149.88066825775655,5.391780821917808,0.2301369863013698,3.9954824411864984,0.096428571428571,0.3756537998036255,higher
150.11933174224345,5.391780821917808,0.2301369863013698,4.009035117627004,0.096428571428571,0.3756537998036255,higher
150.3579952267303,5.391780821917808,0.2301369863013698,4.0235339243095805,0.096428571428571,0.3756537998036255,higher
150.59665871121717,5.326027397260274,0.2301369863013698,4.038032730992158,0.096428571428571,0.3756537998036255,higher
150.83532219570407,5.293150684931507,0.2630136986301369,4.045908625980226,0.096428571428571,0.3756537998036255,higher
151.07398568019093,5.293150684931507,0.2630136986301369,4.056316058643027,0.0857142857142852,0.3756537998036255,higher
151.3126491646778,5.260273972602739,0.2301369863013698,4.070814865325605,0.0857142857142852,0.3756537998036255,higher
151.5513126491647,5.260273972602739,0.2301369863013698,4.078371121718377,0.0857142857142852,0.3756537998036255,higher
151.78997613365155,5.260273972602739,0.2301369863013698,4.089098192976474,0.07500000000000001,0.3756537998036255,higher
152.0286396181384,5.293150684931507,0.2630136986301369,4.103571428571429,0.07500000000000001,0.3756537998036255,higher
152.2673031026253,5.293150684931507,0.2630136986301369,4.103571428571429,0.07500000000000001,0.3756537998036255,higher
152.50596658711217,5.391780821917808,0.2301369863013698,4.103571428571429,0.07500000000000001,0.3756537998036255,higher
152.74463007159903,5.424657534246576,0.2630136986301369,4.103571428571429,0.07500000000000001,0.3756537998036255,higher
152.98329355608593,5.523287671232877,0.295890410958904,4.103571428571429,0.07500000000000001,0.3756537998036255,higher
153.2219570405728,5.589041095890411,0.295890410958904,4.1118053187862245,0.07500000000000001,0.3756537998036255,higher
153.46062052505965,5.654794520547945,0.295890410958904,4.125,0.07500000000000001,0.3756537998036255,higher
153.69928400954657,5.720547945205479,0.295890410958904,4.125,0.07500000000000001,0.3756537998036255,higher
153.9379474940334,5.786301369863014,0.2301369863013698,4.125,0.07500000000000001,0.3756537998036255,higher
154.17661097852027,5.786301369863014,0.2301369863013698,4.125,0.07500000000000001,0.3756537998036255,higher
154.41527446300717,5.786301369863014,0.2301369863013698,4.125,0.07500000000000001,0.3756537998036255,higher
154.65393794749403,5.786301369863014,0.2301369863013698,4.125,0.07500000000000001,0.3756537998036255,higher
154.8926014319809,5.7534246575342465,0.1972602739726027,4.125,0.07500000000000001,0.3756537998036255,higher
155.1312649164678,5.7534246575342465,0.1972602739726027,4.125,0.07500000000000001,0.3756537998036255,higher
155.36992840095465,5.786301369863014,0.2301369863013698,4.125,0.07500000000000001,0.3756537998036255,higher
155.60859188544154,5.786301369863014,0.2301369863013698,4.125,0.07500000000000001,0.3756537998036255,higher
155.8472553699284,5.8191780821917805,0.2630136986301369,4.125,0.07500000000000001,0.3756537998036255,higher
156.08591885441527,5.8191780821917805,0.2630136986301369,4.125,0.07500000000000001,0.3756537998036255,higher
156.32458233890216,5.917808219178082,0.2301369863013698,4.125,0.07500000000000001,0.3756537998036255,higher
156.56324582338902,5.950684931506849,0.2630136986301369,4.125,0.07500000000000001,0.3756537998036255,higher
156.8019093078759,5.983561643835617,0.295890410958904,4.125,0.07500000000000001,0.3756537998036255,higher
157.04057279236278,6.016438356164383,0.2630136986301369,4.125,0.07500000000000001,0.3756537998036255,higher
157.27923627684964,6.049315068493151,0.2301369863013698,4.125,0.07500000000000001,0.3756537998036255,higher
157.5178997613365,6.115068493150685,0.2301369863013698,4.125,0.07500000000000001,0.3756537998036255,higher
157.7565632458234,6.1808219178082195,0.2301369863013698,4.125,0.07500000000000001,0.3756537998036255,higher
157.99522673031026,6.1808219178082195,0.2301369863013698,4.125,0.07500000000000001,0.3756537998036255,higher
158.23389021479713,6.213698630136986,0.2630136986301369,4.131354415274462,0.0857142857142852,0.3756537998036255,higher
158.47255369928402,6.213698630136986,0.2630136986301369,4.138603818615752,0.0857142857142852,0.3756537998036255,higher
158.71121718377088,6.147945205479452,0.1972602739726027,4.145853221957041,0.0857142857142852,0.3756537998036255,higher
158.94988066825775,6.1808219178082195,0.2301369863013698,4.153102625298329,0.0857142857142852,0.3756537998036255,higher
159.18854415274464,6.147945205479452,0.2630136986301369,4.16356120013638,0.0857142857142852,0.3756537998036255,higher
159.4272076372315,6.082191780821918,0.2630136986301369,4.178060006818957,0.0857142857142852,0.3756537998036255,higher
159.66587112171837,6.082191780821918,0.2630136986301369,4.185565121036481,0.096428571428571,0.3756537998036255,higher
159.90453460620526,6.049315068493151,0.2301369863013698,4.196343334469826,0.096428571428571,0.3756537998036255,higher
160.14319809069212,6.016438356164383,0.2630136986301369,4.210778213433344,0.096428571428571,0.3756537998036255,higher
160.381861575179,6.016438356164383,0.2630136986301369,4.218027616774633,0.096428571428571,0.3756537998036255,higher
160.62052505966588,6.016438356164383,0.1972602739726027,4.229125468803274,0.0857142857142852,0.3756537998036255,higher
160.85918854415274,6.049315068493151,0.2301369863013698,4.2436242754858515,0.0857142857142852,0.3756537998036255,higher
161.0978520286396,6.049315068493151,0.2301369863013698,4.258123082168428,0.0857142857142852,0.3756537998036255,higher
161.3365155131265,6.049315068493151,0.2301369863013698,4.272621888851006,0.0857142857142852,0.3756537998036255,higher
161.57517899761336,6.049315068493151,0.2301369863013698,4.2864174906239345,0.0857142857142852,0.3756537998036255,higher
161.81384248210023,6.049315068493151,0.2301369863013698,4.293666893965224,0.0857142857142852,0.3756537998036255,higher
162.05250596658712,6.049315068493151,0.2301369863013698,4.300916297306513,0.0857142857142852,0.3756537998036255,higher
162.29116945107398,6.082191780821918,0.2630136986301369,4.308165700647801,0.0857142857142852,0.3756537998036255,higher
162.52983293556085,6.115068493150685,0.295890410958904,4.315415103989089,0.0857142857142852,0.3756537998036255,higher
162.76849642004774,6.147945205479452,0.2630136986301369,4.317857142857143,0.07500000000000001,0.3756537998036255,higher
163.0071599045346,6.115068493150685,0.1643835616438356,4.317857142857143,0.07500000000000001,0.3756537998036255,higher
163.24582338902147,6.3780821917808215,0.3616438356164383,4.317857142857143,0.07500000000000001,0.3756537998036255,higher
163.48448687350836,6.608219178082192,0.1972602739726027,4.317857142857143,0.07500000000000001,0.3756537998036255,higher
163.72315035799522,6.673972602739726,0.2630136986301369,4.317857142857143,0.07500000000000001,0.3756537998036255,higher
163.9618138424821,6.673972602739726,0.3287671232876712,4.317857142857143,0.07500000000000001,0.3756537998036255,higher
164.20047732696898,6.8054794520547945,0.3287671232876712,4.317857142857143,0.07500000000000001,0.3756537998036255,higher
164.43914081145584,6.904109589041096,0.295890410958904,4.317857142857143,0.07500000000000001,0.3756537998036255,higher
164.6778042959427,7.002739726027397,0.3945205479452054,4.317857142857143,0.07500000000000001,0.3756537998036255,higher
164.9164677804296,7.101369863013699,0.3616438356164383,4.312090862598023,0.0857142857142852,0.3756537998036255,higher
165.15513126491646,7.265753424657534,0.3945205479452054,4.304841459256734,0.0857142857142852,0.3756537998036255,higher
165.39379474940336,7.397260273972603,0.3945205479452054,4.297592055915445,0.0857142857142852,0.3756537998036255,higher
165.63245823389022,7.495890410958904,0.3616438356164383,4.296428571428572,0.07500000000000001,0.3756537998036255,higher
165.87112171837708,7.594520547945206,0.3287671232876712,4.296428571428572,0.07500000000000001,0.3756537998036255,higher
166.10978520286395,7.693150684931507,0.295890410958904,4.296428571428572,0.07500000000000001,0.3756537998036255,higher
166.34844868735084,7.758904109589041,0.2301369863013698,4.296428571428572,0.07500000000000001,0.3756537998036255,higher
166.5871121718377,7.758904109589041,0.2301369863013698,4.296428571428572,0.07500000000000001,0.3756537998036255,higher
166.8257756563246,7.758904109589041,0.2301369863013698,4.296428571428572,0.07500000000000001,0.3756537998036255,higher
167.06443914081146,7.726027397260274,0.2630136986301369,4.296428571428572,0.07500000000000001,0.3756537998036255,higher
167.30310262529832,7.66027397260274,0.2630136986301369,4.296428571428572,0.07500000000000001,0.3756537998036255,higher
167.5417661097852,7.561643835616438,0.295890410958904,4.296428571428572,0.07500000000000001,0.3756537998036255,higher
167.78042959427208,7.528767123287671,0.2630136986301369,4.296428571428572,0.07500000000000001,0.3756537998036255,higher
168.01909307875894,7.4301369863013695,0.295890410958904,4.300008523695874,0.0857142857142852,0.3756537998036255,higher
168.25775656324583,7.364383561643836,0.295890410958904,4.307257927037163,0.0857142857142852,0.3756537998036255,higher
168.4964200477327,7.265753424657534,0.3287671232876712,4.3145073303784525,0.0857142857142852,0.3756537998036255,higher
168.73508353221956,7.167123287671233,0.295890410958904,4.321756733719741,0.0857142857142852,0.3756537998036255,higher
168.97374701670643,7.101369863013699,0.3616438356164383,4.329440845550629,0.0857142857142852,0.3756537998036255,higher
169.21241050119332,6.96986301369863,0.295890410958904,4.3439396522332085,0.0857142857142852,0.3756537998036255,higher
