ZL_ohm,Vref_V,P50_dB,D1_GHz,D1_censored,D1_bracket_GHz,M_at_50GHz_nearest_dB,nonfinite_M,maxS11_0_50GHz_dB,S11_exact_zeros,nonfinite_S11
20.0,0.2857142857142857,4.890793633243417,,True,,3.9709839804801703,0,-8.126313966423814,0.0,0.0
21.0,0.29577464788732394,4.5581754576246185,,True,,3.671206723927502,0,-8.572561443294823,0.0,0.0
22.0,0.3055555555555556,4.244510242925971,,True,,3.3894133080044164,0,-9.028827480577066,0.0,0.0
23.0,0.3150684931506849,3.948191359881888,,True,,3.1238976540078207,0,-9.496063930152378,0.0,0.0
24.0,0.32432432432432434,3.6675001290121223,,True,,2.873175777930837,0,-9.975323704832139,0.0,0.0
25.0,0.3333333333333333,3.4011056862849727,,True,,2.6359492903408905,0,-10.46777677654564,0.0,0.0
26.0,0.34210526315789475,3.147835067627493,,True,,2.4110760726013036,0,-10.974729185092322,0.0,0.0
27.0,0.35064935064935066,2.906649334910882,,True,,2.1975465020839975,0,-11.497645720260872,0.0,0.0
28.0,0.358974358974359,2.6766240453882846,,True,,1.994464013762049,0,-12.038177091351152,0.0,0.0
29.0,0.3670886075949367,2.4574441974926122,,True,,1.8010290837592882,0,-12.598192575545877,0.0,0.0
30.0,0.375,2.249841607625361,,True,,1.6165259376692669,0,-13.179819333200637,0.0,0.0
31.0,0.38271604938271603,2.0533223675760857,,True,,1.4403114466522124,0,-13.78548977079133,0.0,0.0
32.0,0.3902439024390244,1.8656628593262192,,True,,1.2718057937894396,0,-14.417998462394468,0.0,0.0
33.0,0.39759036144578314,1.6856914178563545,,True,,1.1104845832088013,0,-15.071134647940994,0.0,0.0
34.0,0.40476190476190477,1.5138350475726385,,True,,0.9558721330079624,0,-15.689160195860637,0.0,0.0
35.0,0.4117647058823529,1.3504765761442519,,True,,0.80753574561345,0,-16.338215867144214,0.0,0.0
36.0,0.4186046511627907,1.1943693421955919,,True,,0.6650807899578188,0,-17.022659135859758,0.0,0.0
37.0,0.42528735632183906,1.111019640963875,,True,,0.5281464616630083,0,-17.747779867366784,0.0,0.0
38.0,0.4318181818181818,1.0937063051519673,,True,,0.39640211243205303,0,-18.520078328196405,0.0,0.0
39.0,0.43820224719101125,1.0767857713964737,,True,,0.269544059663104,0,-19.347448446520705,0.0,0.0
40.0,0.4444444444444444,1.0607114677872955,,True,,0.14729280309458587,0,-20.240457882213924,0.0,0.0
41.0,0.45054945054945056,1.0475779115212607,,True,,0.02939058796259339,0,-19.762101629954845,0.0,0.0
42.0,0.45652173913043476,1.0347207413561308,,True,,-0.08440073562182347,0,-19.052031110384966,0.0,0.0
43.0,0.46236559139784944,1.0221313848432068,,True,,-0.1943015990681603,0,-18.278277511365303,0.0,0.0
44.0,0.46808510638297873,1.0098016174161344,,True,,-0.3005163826959918,0,-17.583511933496773,0.0,0.0
45.0,0.47368421052631576,0.9977235451075022,,True,,-0.4032348937869551,0,-16.954647889222297,0.0,0.0
46.0,0.4791666666666667,1.0807784643626324,162.62994699385249,False,"[162.625, 162.65]",-0.5026336803925512,0,-16.381512970789924,0.0,0.0
47.0,0.4845360824742268,1.1762583701406144,152.5534563704749,False,"[152.55, 152.57500000000002]",-0.598877202203897,0,-15.856059278990104,0.0,0.0
48.0,0.4897959183673469,1.2687542265410656,142.58991568186315,False,"[142.57500000000002, 142.6]",-0.6921188766414768,0,-15.371819613925435,0.0,0.0
49.0,0.494949494949495,1.3584087688708626,142.18669308536448,False,"[142.175, 142.20000000000002]",-0.7825020156944846,0,-14.923524717984877,0.0,0.0
50.0,0.5,1.445355491072361,141.81663453203078,False,"[141.8, 141.82500000000002]",-0.8701606668366035,0,-14.50682837215628,0.0,0.0
51.0,0.504950495049505,1.5297194011210389,141.4340006918397,False,"[141.425, 141.45000000000002]",-0.9552203694918884,0,-14.118106257055915,0.0,0.0
52.0,0.5098039215686274,1.6116177019344813,132.5540282528867,False,"[132.55, 132.57500000000002]",-1.0377988369593003,0,-13.75430627412386,0.0,0.0
53.0,0.5145631067961165,1.6911604063729901,131.9899849314739,False,"[131.975, 132.0]",-1.118006572378736,0,-13.412835432578152,0.0,0.0
54.0,0.5192307692307693,1.7684508937848324,131.53001087917264,False,"[131.525, 131.55]",-1.1959474261938436,0,-13.091473162244814,0.0,0.0
55.0,0.5238095238095238,1.8435864145877252,122.72950308343393,False,"[122.72500000000001, 122.75]",-1.2717191016055738,0,-12.7883040235733,0.0,0.0
56.0,0.5283018867924528,1.9166585485556278,122.15056340948624,False,"[122.15, 122.17500000000001]",-1.3454136136877903,0,-12.501664860476797,0.0,0.0
57.0,0.5327102803738317,1.9877536217741598,121.65606042743282,False,"[121.65, 121.67500000000001]",-1.4171177071303662,0,-12.230102849223767,0.0,0.0
58.0,0.5370370370370371,2.0569530866206915,121.25243332940491,False,"[121.25, 121.275]",-1.486913236967916,0,-11.972341867605575,0.0,0.0
59.0,0.5412844036697247,2.1243338686010453,120.93437195379069,False,"[120.92500000000001, 120.95]",-1.5548775161280295,0,-11.72725528877824,0.0,0.0
60.0,0.5454545454545454,2.1899686834215024,112.38904857207025,False,"[112.375, 112.4]",-1.621083633179665,0,-11.49384378747712,0.0,0.0
61.0,0.5495495495495496,2.2539263272814196,111.93136278108322,False,"[111.92500000000001, 111.95]",-1.685600743268758,0,-11.271217094306238,0.0,0.0
62.0,0.5535714285714286,2.3162719430300496,111.35313788893902,False,"[111.35000000000001, 111.375]",-1.7484943348863615,0,-11.058578887504176,0.0,0.0
63.0,0.5575221238938053,2.3770672645329856,111.03296452044206,False,"[111.025, 111.05000000000001]",-1.8098264748164195,0,-10.85521419868606,0.0,0.0
64.0,0.5614035087719298,2.4363708413334635,110.74112518579408,False,"[110.72500000000001, 110.75]",-1.8696560333499064,0,-10.660478848535373,0.0,0.0
65.0,0.5652173913043478,2.4942382454657377,110.3262157935067,False,"[110.325, 110.35000000000001]",-1.928038891624137,0,-10.473790533444532,0.0,0.0
66.0,0.5689655172413793,2.550722262077976,102.17571576547529,False,"[102.17500000000001, 102.2]",-1.985028132745896,0,-10.294621263937886,0.0,0.0
67.0,0.5726495726495726,2.6058730653460564,101.39166289403718,False,"[101.375, 101.4]",-2.040674218181346,0,-10.122490916936268,0.0,0.0
68.0,0.576271186440678,2.6597972572675097,101.00265378118002,False,"[101.0, 101.025]",-2.09502515074057,0,-9.956961711268741,0.0,0.0
69.0,0.5798319327731093,2.7124893430490884,100.47784007784867,False,"[100.47500000000001, 100.5]",-2.14812662534787,0,-9.797633452738095,0.0,0.0
70.0,0.5833333333333334,2.7641887548142035,100.10069054290972,False,"[100.10000000000001, 100.125]",-2.200022168668123,0,-9.644139424019897,0.0,0.0
71.0,0.5867768595041323,2.815006385597481,92.40060455173781,False,"[92.4, 92.42500000000001]",-2.2507532685520886,0,-9.496142817582262,0.0,0.0
72.0,0.5901639344262295,2.864922454327532,91.53325225242901,False,"[91.525, 91.55000000000001]",-2.300359494168682,0,-9.353333628044659,0.0,0.0
73.0,0.5934959349593496,2.9138071230090428,90.96571535491627,False,"[90.95, 90.97500000000001]",-2.3488786076075248,0,-9.215425934994334,0.0,0.0
74.0,0.5967741935483871,2.961633722177682,90.01343959331385,False,"[90.0, 90.025]",-2.396346667659832,0,-9.082155519040594,0.0,0.0
75.0,0.6,3.0084369109910347,16.23697075969187,False,"[16.225, 16.25]",-2.4427981264184604,0,-8.953277763415345,0.0,0.0
76.0,0.6031746031746031,3.054249823692437,15.50848716051753,False,"[15.5, 15.525]",-2.4882659192779952,0,-8.828565801188482,0.0,0.0
77.0,0.6062992125984252,3.0991041539443573,6.0752105667700205,False,"[6.075, 6.1000000000000005]",-2.5327815488619976,0,-8.707808874518863,0.0,0.0
78.0,0.609375,3.143049683089443,5.890403576853351,False,"[5.875, 5.9]",-2.5763751633564134,0,-8.59081087758642,0.0,0.0
79.0,0.6124031007751938,3.1870325210812256,5.760632660463837,False,"[5.75, 5.775]",-2.6190756296849678,0,-8.477389059168521,0.0,0.0
80.0,0.6153846153846154,3.231113877367769,5.648774523644424,False,"[5.625, 5.65]",-2.6609106019235544,0,-8.36737286440673,0.0,0.0
open,1.0,8.2223387547278,3.5095853522940463,False,"[3.5, 3.5250000000000004]",-6.823859637360359,0,,,
