B_GHz,seed,method,n_to_success,best_feasible_J_dB,evaluations_used
50.0,0,BO,9,12.292982372719656,40
50.0,0,random,41,10.629578340845104,40
50.0,1,BO,11,12.292982372719656,40
50.0,1,random,41,9.64300150244078,40
50.0,2,BO,9,12.292982372719656,40
50.0,2,random,41,9.22751454334936,40
50.0,3,BO,9,12.292982372719656,40
50.0,3,random,41,12.081505651265761,40
50.0,4,BO,7,12.292982372719656,40
50.0,4,random,41,11.753948884611386,40
50.0,5,BO,11,12.292982372719656,40
50.0,5,random,41,10.597586077649243,40
50.0,6,BO,11,12.292982372719656,40
50.0,6,random,41,11.901420841987271,40
50.0,7,BO,9,12.292982372719656,40
50.0,7,random,41,11.043168760166633,40
50.0,8,BO,9,12.292982372719656,40
50.0,8,random,41,10.370278797557749,40
50.0,9,BO,8,12.292982372719656,40
50.0,9,random,41,11.495004269382743,40
50.0,10,BO,8,12.292982372719656,40
50.0,10,random,41,11.059235150205161,40
50.0,11,BO,9,12.292982372719656,40
50.0,11,random,41,10.29730813899799,40
50.0,12,BO,11,12.292982372719656,40
50.0,12,random,41,8.220654014537445,40
50.0,13,BO,10,12.292982372719656,40
50.0,13,random,41,10.833961644478824,40
50.0,14,BO,8,12.292982372719656,40
50.0,14,random,41,11.22600381845594,40
50.0,15,BO,9,12.292982372719656,40
50.0,15,random,41,11.20699517701103,40
50.0,16,BO,8,12.292982372719656,40
50.0,16,random,41,9.594469178815192,40
50.0,17,BO,8,12.292982372719656,40
50.0,17,random,41,11.641001313449536,40
50.0,18,BO,9,12.292982372719656,40
50.0,18,random,41,10.272869743257955,40
50.0,19,BO,9,12.292982372719656,40
50.0,19,random,41,10.380971756729299,40
50.0,20,BO,10,12.292982372719656,40
50.0,20,random,41,10.339090650447325,40
50.0,21,BO,8,12.292982372719656,40
50.0,21,random,41,9.152045891073982,40
50.0,22,BO,9,12.292982372719656,40
50.0,22,random,41,11.419749166518576,40
50.0,23,BO,12,12.292982372719656,40
50.0,23,random,41,11.263618453838884,40
50.0,24,BO,9,12.292982372719656,40
50.0,24,random,41,9.897702295315975,40
50.0,25,BO,10,12.292982372719656,40
50.0,25,random,41,12.161147909603491,40
50.0,26,BO,10,12.292982372719656,40
50.0,26,random,41,10.661453200976247,40
50.0,27,BO,8,12.292982372719656,40
50.0,27,random,41,10.566604240586056,40
50.0,28,BO,12,12.292982372719656,40
50.0,28,random,41,7.030173416718137,40
50.0,29,BO,11,12.292982372719656,40
50.0,29,random,41,10.981882562342253,40
100.0,0,BO,11,10.428573577702094,40
100.0,0,random,41,9.79100487885142,40
100.0,1,BO,12,10.428573577702094,40
100.0,1,random,41,5.778593270951467,40
100.0,2,BO,12,10.428573577702094,40
100.0,2,random,41,8.578854270749702,40
100.0,3,BO,12,10.428573577702094,40
100.0,3,random,41,9.081229372392462,40
100.0,4,BO,10,10.428573577702094,40
100.0,4,random,41,9.336551162707464,40
100.0,5,BO,10,10.428573577702094,40
100.0,5,random,41,6.05102337569028,40
100.0,6,BO,16,10.428573577702094,40
100.0,6,random,41,7.418114426790353,40
100.0,7,BO,12,10.428573577702094,40
100.0,7,random,41,7.12350845089709,40
100.0,8,BO,11,10.428573577702094,40
100.0,8,random,17,10.370278797557749,40
100.0,9,BO,11,10.428573577702094,40
100.0,9,random,41,8.707503740672689,40
100.0,10,BO,10,10.428573577702094,40
100.0,10,random,41,8.853788617669663,40
100.0,11,BO,11,10.428573577702094,40
100.0,11,random,41,7.6443444881840925,40
100.0,12,BO,12,10.428573577702094,40
100.0,12,random,41,8.220654014537445,40
100.0,13,BO,13,10.428573577702094,40
100.0,13,random,41,9.339432486033173,40
100.0,14,BO,12,10.428573577702094,40
100.0,14,random,41,8.254224047953812,40
100.0,15,BO,9,10.428573577702094,40
100.0,15,random,41,8.933066622642643,40
100.0,16,BO,10,10.428573577702094,40
100.0,16,random,41,9.594469178815192,40
100.0,17,BO,9,10.428573577702094,40
100.0,17,random,41,9.781003853407928,40
100.0,18,BO,12,10.428573577702094,40
100.0,18,random,41,8.943160626844385,40
100.0,19,BO,11,10.428573577702094,40
100.0,19,random,41,9.152045891073982,40
100.0,20,BO,11,10.428573577702094,40
100.0,20,random,41,7.55689016864998,40
100.0,21,BO,10,10.428573577702094,40
100.0,21,random,41,9.152045891073982,40
100.0,22,BO,10,10.428573577702094,40
100.0,22,random,41,1.6256248410960445,40
100.0,23,BO,11,10.428573577702094,40
100.0,23,random,41,7.759334128167367,40
100.0,24,BO,9,10.428573577702094,40
100.0,24,random,41,8.672309160537523,40
100.0,25,BO,14,10.428573577702094,40
100.0,25,random,41,7.390706180957322,40
100.0,26,BO,11,10.428573577702094,40
100.0,26,random,41,7.823515602782659,40
100.0,27,BO,8,10.428573577702094,40
100.0,27,random,41,7.85058931982281,40
100.0,28,BO,14,10.428573577702094,40
100.0,28,random,41,7.030173416718137,40
100.0,29,BO,11,10.428573577702094,40
100.0,29,random,41,7.081586443124256,40
150.0,0,BO,15,6.181709022154011,40
150.0,0,random,41,5.535625116219348,40
150.0,1,BO,12,6.181709022154011,40
150.0,1,random,41,5.217527652426092,40
150.0,2,BO,14,6.181709022154011,40
150.0,2,random,41,-inf,40
150.0,3,BO,19,6.181709022154011,40
150.0,3,random,41,1.4926723659380836,40
150.0,4,BO,10,6.181709022154011,40
150.0,4,random,41,-inf,40
150.0,5,BO,13,6.181709022154011,40
150.0,5,random,41,3.7151063552853065,40
150.0,6,BO,12,6.181709022154011,40
150.0,6,random,41,0.3492285310138988,40
150.0,7,BO,11,6.181709022154011,40
150.0,7,random,41,3.964222460908089,40
150.0,8,BO,11,6.181709022154011,40
150.0,8,random,41,3.2407038918244,40
150.0,9,BO,10,6.181709022154011,40
150.0,9,random,41,-4.102706806588014,40
150.0,10,BO,13,6.181709022154011,40
150.0,10,random,41,5.382978171745889,40
150.0,11,BO,11,6.181709022154011,40
150.0,11,random,41,2.753132227773753,40
150.0,12,BO,8,6.181709022154011,40
150.0,12,random,41,3.840242485046321,40
150.0,13,BO,15,6.181709022154011,40
150.0,13,random,41,-0.6668208121169926,40
150.0,14,BO,14,6.181709022154011,40
150.0,14,random,41,-2.3561100400564623,40
150.0,15,BO,12,6.181709022154011,40
150.0,15,random,41,2.4849326740364046,40
150.0,16,BO,14,6.181709022154011,40
150.0,16,random,41,3.875181362535418,40
150.0,17,BO,9,6.181709022154011,40
150.0,17,random,41,5.77591078493939,40
150.0,18,BO,10,6.181709022154011,40
150.0,18,random,41,2.909247147798032,40
150.0,19,BO,10,6.181709022154011,40
150.0,19,random,41,-inf,40
150.0,20,BO,13,6.181709022154011,40
150.0,20,random,41,1.85729318486659,40
150.0,21,BO,13,6.181709022154011,40
150.0,21,random,41,3.9352275514275146,40
150.0,22,BO,11,6.181709022154011,40
150.0,22,random,41,1.6256248410960445,40
150.0,23,BO,14,6.181709022154011,40
150.0,23,random,41,4.164265382973696,40
150.0,24,BO,13,6.181709022154011,40
150.0,24,random,41,-1.542846021458251,40
150.0,25,BO,20,6.181709022154011,40
150.0,25,random,41,-0.2708514663068607,40
150.0,26,BO,16,6.181709022154011,40
150.0,26,random,41,-0.40511490841334674,40
150.0,27,BO,9,6.181709022154011,40
150.0,27,random,41,-0.6556842738382909,40
150.0,28,BO,18,6.181709022154011,40
150.0,28,random,41,2.641439424275535,40
150.0,29,BO,11,6.181709022154011,40
150.0,29,random,41,6.046341768504043,40
