quantity,point,log10_frequency_GHz,value,unit
microwave_index,0,-1.317,7.780,1
microwave_index,1,-1.218,7.327,1
microwave_index,2,-1.106,6.474,1
microwave_index,3,-0.983,5.995,1
microwave_index,4,-0.800,5.160,1
microwave_index,5,-0.647,4.574,1
microwave_index,6,-0.499,4.094,1
microwave_index,7,-0.270,3.632,1
microwave_index,8,0.000,3.188,1
microwave_index,9,0.311,2.993,1
microwave_index,10,0.622,2.940,1
microwave_index,11,0.958,2.833,1
microwave_index,12,1.254,2.833,1
microwave_index,13,1.559,2.833,1
attenuation,0,-1.287,0.728,dB/cm
attenuation,1,-1.060,0.950,dB/cm
attenuation,2,-0.780,1.181,dB/cm
attenuation,3,-0.520,1.465,dB/cm
attenuation,4,-0.270,1.785,dB/cm
attenuation,5,-0.025,2.087,dB/cm
attenuation,6,0.204,2.353,dB/cm
attenuation,7,0.392,2.567,dB/cm
attenuation,8,0.632,2.886,dB/cm
attenuation,9,0.846,3.117,dB/cm
attenuation,10,1.070,3.739,dB/cm
attenuation,11,1.310,4.680,dB/cm
attenuation,12,1.478,5.426,dB/cm
attenuation,13,1.590,5.977,dB/cm
